{
   "account":[
      {
         "includeInNetWorth":true,
         "accountName":"BOND",
         "isManual":false,
         "accountType":"MORTGAGE",
         "memo":null,
         "accountNumber":"8139770053901",
         "accountStatus":"ACTIVE",
         "lastUpdated":"2020-06-16T15:15:52Z",
         "isAsset":false,
         "createdDate":"2020-06-16T15:15:52Z",
         "aggregationSource":"USER",
         "balance":{
            "amount":852334,
            "currency":"ZAR"
         },
         "providerId":"15413",
         "providerAccountId":10076756,
         "nickname":null,
         "id":10112455,
         "providerName":"NEDBANK",
         "interestRate":0,
         "displayedName":null,
         "dataset":[
            {
               "name":"BASIC_AGG_DATA",
               "additionalStatus":"ACCT_SUMMARY_RECEIVED",
               "updateEligibility":"ALLOW_UPDATE",
               "lastUpdated":null,
               "lastUpdateAttempt":null
            }
         ],
         "holder":null,
         "autoRefresh":{
            "status":"ENABLED",
            "additionalStatus":"SCHEDULED",
            "asOfDate":"2020-06-16T15:15:52Z"
         },
         "availableBalance":null,
         "currentBalance":null,
         "CONTAINER":"loan"
      },
      {
         "includeInNetWorth":true,
         "accountName":"loan",
         "isManual":false,
         "accountType":"MORTGAGE",
         "memo":null,
         "accountNumber":"8002056009601",
         "accountStatus":"ACTIVE",
         "lastUpdated":"2020-06-16T15:15:52Z",
         "isAsset":false,
         "createdDate":"2020-06-16T15:15:52Z",
         "aggregationSource":"USER",
         "balance":{
            "amount":0,
            "currency":"ZAR"
         },
         "providerId":"15413",
         "providerAccountId":10076756,
         "nickname":null,
         "id":10112454,
         "providerName":"NEDBANK",
         "interestRate":0,
         "displayedName":null,
         "dataset":[
            {
               "name":"BASIC_AGG_DATA",
               "additionalStatus":"ACCT_SUMMARY_RECEIVED",
               "updateEligibility":"ALLOW_UPDATE",
               "lastUpdated":null,
               "lastUpdateAttempt":null
            }
         ],
         "holder":null,
         "autoRefresh":{
            "status":"ENABLED",
            "additionalStatus":"SCHEDULED",
            "asOfDate":"2020-06-16T15:15:52Z"
         },
         "availableBalance":null,
         "currentBalance":null,
         "CONTAINER":"loan"
      },
      {
         "includeInNetWorth":true,
         "accountName":"AMEX",
         "isManual":false,
         "accountType":"CREDIT",
         "memo":null,
         "accountNumber":"377095002832645",
         "accountStatus":"ACTIVE",
         "lastUpdated":"2020-06-16T15:15:52Z",
         "isAsset":false,
         "createdDate":"2020-06-16T15:15:52Z",
         "aggregationSource":"USER",
         "balance":{
            "amount":33666,
            "currency":"ZAR"
         },
         "providerId":"15413",
         "providerAccountId":10076756,
         "nickname":null,
         "id":10112453,
         "providerName":"NEDBANK",
         "interestRate":0,
         "displayedName":null,
         "dataset":[
            {
               "name":"BASIC_AGG_DATA",
               "additionalStatus":"ACCT_SUMMARY_RECEIVED",
               "updateEligibility":"ALLOW_UPDATE",
               "lastUpdated":null,
               "lastUpdateAttempt":null
            }
         ],
         "holder":null,
         "autoRefresh":{
            "status":"ENABLED",
            "additionalStatus":"SCHEDULED",
            "asOfDate":"2020-06-16T15:15:52Z"
         },
         "availableBalance":null,
         "currentBalance":null,
         "CONTAINER":"creditCard"
      },
      {
         "includeInNetWorth":true,
         "accountName":"MASTER",
         "isManual":false,
         "accountType":"CREDIT",
         "memo":null,
         "accountNumber":"5179890055511248",
         "accountStatus":"ACTIVE",
         "lastUpdated":"2020-06-16T15:15:52Z",
         "isAsset":false,
         "createdDate":"2020-06-16T15:15:52Z",
         "aggregationSource":"USER",
         "balance":{
            "amount":33666,
            "currency":"ZAR"
         },
         "providerId":"15413",
         "providerAccountId":10076756,
         "nickname":null,
         "id":10112452,
         "providerName":"NEDBANK",
         "interestRate":0,
         "displayedName":null,
         "dataset":[
            {
               "name":"BASIC_AGG_DATA",
               "additionalStatus":"ACCT_SUMMARY_RECEIVED",
               "updateEligibility":"ALLOW_UPDATE",
               "lastUpdated":null,
               "lastUpdateAttempt":null
            }
         ],
         "holder":null,
         "autoRefresh":{
            "status":"ENABLED",
            "additionalStatus":"SCHEDULED",
            "asOfDate":"2020-06-16T15:15:52Z"
         },
         "availableBalance":null,
         "currentBalance":null,
         "CONTAINER":"creditCard"
      },
      {
         "includeInNetWorth":true,
         "accountName":"CURRENT ACCOUNT",
         "isManual":false,
         "accountType":"CHECKING",
         "memo":null,
         "accountNumber":"1656378434",
         "accountStatus":"ACTIVE",
         "lastUpdated":"2020-06-16T15:15:52Z",
         "isAsset":true,
         "createdDate":"2020-06-16T15:15:52Z",
         "aggregationSource":"USER",
         "balance":{
            "amount":55,
            "currency":"ZAR"
         },
         "providerId":"15413",
         "providerAccountId":10076756,
         "nickname":null,
         "id":10112451,
         "providerName":"NEDBANK",
         "interestRate":0,
         "displayedName":null,
         "dataset":[
            {
               "name":"BASIC_AGG_DATA",
               "additionalStatus":"ACCT_SUMMARY_RECEIVED",
               "updateEligibility":"ALLOW_UPDATE",
               "lastUpdated":null,
               "lastUpdateAttempt":null
            }
         ],
         "holder":null,
         "autoRefresh":{
            "status":"ENABLED",
            "additionalStatus":"SCHEDULED",
            "asOfDate":"2020-06-16T15:15:52Z"
         },
         "availableBalance":{
            "amount":55,
            "currency":"ZAR"
         },
         "currentBalance":{
            "amount":55,
            "currency":"ZAR"
         },
         "CONTAINER":"bank"
      },
      {
         "includeInNetWorth":true,
         "accountName":"Savings",
         "isManual":false,
         "accountType":"SAVINGS",
         "memo":null,
         "accountNumber":"2656383935",
         "accountStatus":"ACTIVE",
         "lastUpdated":"2020-06-16T15:15:52Z",
         "isAsset":true,
         "createdDate":"2020-06-16T15:15:52Z",
         "aggregationSource":"USER",
         "balance":{
            "amount":48,
            "currency":"ZAR"
         },
         "providerId":"15413",
         "providerAccountId":10076756,
         "nickname":null,
         "id":10112450,
         "providerName":"NEDBANK",
         "interestRate":0,
         "displayedName":null,
         "dataset":[
            {
               "name":"BASIC_AGG_DATA",
               "additionalStatus":"ACCT_SUMMARY_RECEIVED",
               "updateEligibility":"ALLOW_UPDATE",
               "lastUpdated":null,
               "lastUpdateAttempt":null
            }
         ],
         "holder":null,
         "autoRefresh":{
            "status":"ENABLED",
            "additionalStatus":"SCHEDULED",
            "asOfDate":"2020-06-16T15:15:52Z"
         },
         "availableBalance":{
            "amount":18,
            "currency":"ZAR"
         },
         "currentBalance":{
            "amount":48,
            "currency":"ZAR"
         },
         "CONTAINER":"bank"
      }
   ]
}