{
   "transaction":[
      {
         "CONTAINER":"bank",
         "id":17539710,
         "amount":{
            "amount":14.0,
            "currency":"ZAR"
         },
         "baseType":"DEBIT",
         "categoryType":"EXPENSE",
         "categoryId":24,
         "category":"Service Charges/Fees",
         "categorySource":"SYSTEM",
         "highLevelCategoryId":10000009,
         "createdDate":"2020-06-16T15:16:59Z",
         "lastUpdated":"2020-06-16T15:16:59Z",
         "description":{
            "original":"Nedbank Send-iMaliXXXXXX4029"
         },
         "date":"2020-06-15",
         "transactionDate":"2020-06-15",
         "isManual":false,
         "sourceType":"AGGREGATED",
         "status":"PENDING",
         "accountId":10112450,
         "runningBalance":{
            "amount":398.48,
            "currency":"ZAR"
         }
      },
      {
         "CONTAINER":"bank",
         "id":17539713,
         "amount":{
            "amount":1400.0,
            "currency":"ZAR"
         },
         "baseType":"DEBIT",
         "categoryType":"EXPENSE",
         "categoryId":19,
         "category":"Other Expenses",
         "categorySource":"SYSTEM",
         "highLevelCategoryId":10000009,
         "createdDate":"2020-06-16T15:16:59Z",
         "lastUpdated":"2020-06-16T15:16:59Z",
         "description":{
            "original":"Joseph Complex"
         },
         "date":"2020-06-13",
         "transactionDate":"2020-06-13",
         "isManual":false,
         "sourceType":"AGGREGATED",
         "status":"PENDING",
         "accountId":10112450,
         "runningBalance":{
            "amount":412.48,
            "currency":"ZAR"
         }
      },
      {
         "CONTAINER":"bank",
         "id":17539712,
         "amount":{
            "amount":1300.0,
            "currency":"ZAR"
         },
         "baseType":"CREDIT",
         "categoryType":"INCOME",
         "categoryId":32,
         "category":"Other Income",
         "categorySource":"SYSTEM",
         "highLevelCategoryId":10000012,
         "createdDate":"2020-06-16T15:16:59Z",
         "lastUpdated":"2020-06-16T15:16:59Z",
         "description":{
            "original":"W Botha"
         },
         "date":"2020-06-13",
         "transactionDate":"2020-06-13",
         "isManual":false,
         "sourceType":"AGGREGATED",
         "status":"PENDING",
         "accountId":10112450,
         "runningBalance":{
            "amount":1802.48,
            "currency":"ZAR"
         }
      },
      {
         "CONTAINER":"bank",
         "id":17539715,
         "amount":{
            "amount":1500.0,
            "currency":"ZAR"
         },
         "baseType":"DEBIT",
         "categoryType":"EXPENSE",
         "categoryId":19,
         "category":"Other Expenses",
         "categorySource":"SYSTEM",
         "highLevelCategoryId":10000009,
         "createdDate":"2020-06-16T15:16:59Z",
         "lastUpdated":"2020-06-16T15:16:59Z",
         "description":{
            "original":"Joseph Complex"
         },
         "date":"2020-06-10",
         "transactionDate":"2020-06-10",
         "isManual":false,
         "sourceType":"AGGREGATED",
         "status":"POSTED",
         "accountId":10112450,
         "runningBalance":{
            "amount":516.48,
            "currency":"ZAR"
         }
      },
      {
         "CONTAINER":"bank",
         "id":17539716,
         "amount":{
            "amount":1500.0,
            "currency":"ZAR"
         },
         "baseType":"CREDIT",
         "categoryType":"INCOME",
         "categoryId":32,
         "category":"Other Income",
         "categorySource":"SYSTEM",
         "highLevelCategoryId":10000012,
         "createdDate":"2020-06-16T15:16:59Z",
         "lastUpdated":"2020-06-16T15:16:59Z",
         "description":{
            "original":"W Botha"
         },
         "date":"2020-06-09",
         "transactionDate":"2020-06-09",
         "isManual":false,
         "sourceType":"AGGREGATED",
         "status":"POSTED",
         "accountId":10112450,
         "runningBalance":{
            "amount":2016.48,
            "currency":"ZAR"
         }
      },
      {
         "CONTAINER":"bank",
         "id":17539722,
         "amount":{
            "amount":19.0,
            "currency":"ZAR"
         },
         "baseType":"DEBIT",
         "categoryType":"EXPENSE",
         "categoryId":19,
         "category":"Other Expenses",
         "categorySource":"SYSTEM",
         "highLevelCategoryId":10000009,
         "createdDate":"2020-06-16T15:16:59Z",
         "lastUpdated":"2020-06-16T15:16:59Z",
         "description":{
            "original":"DEBIT ORDER FEE"
         },
         "date":"2020-06-01",
         "transactionDate":"2020-06-01",
         "isManual":false,
         "sourceType":"AGGREGATED",
         "status":"POSTED",
         "accountId":10112450,
         "runningBalance":{
            "amount":871.68,
            "currency":"ZAR"
         }
      },
      {
         "CONTAINER":"bank",
         "id":17539721,
         "amount":{
            "amount":64.2,
            "currency":"ZAR"
         },
         "baseType":"DEBIT",
         "categoryType":"EXPENSE",
         "categoryId":19,
         "category":"Other Expenses",
         "categorySource":"SYSTEM",
         "highLevelCategoryId":10000009,
         "createdDate":"2020-06-16T15:16:59Z",
         "lastUpdated":"2020-06-16T15:16:59Z",
         "description":{
            "original":"AFRIFORUM _XXXXX6436_XXXXX4366"
         },
         "date":"2020-06-01",
         "transactionDate":"2020-06-01",
         "isManual":false,
         "sourceType":"AGGREGATED",
         "status":"POSTED",
         "accountId":10112450,
         "runningBalance":{
            "amount":890.68,
            "currency":"ZAR"
         }
      },
      {
         "CONTAINER":"bank",
         "id":17539726,
         "amount":{
            "amount":300.0,
            "currency":"ZAR"
         },
         "baseType":"DEBIT",
         "categoryType":"EXPENSE",
         "categoryId":19,
         "category":"Other Expenses",
         "categorySource":"SYSTEM",
         "highLevelCategoryId":10000009,
         "createdDate":"2020-06-16T15:16:59Z",
         "lastUpdated":"2020-06-16T15:16:59Z",
         "description":{
            "original":"CURRENT ACCOUNT - XXXXXX8434"
         },
         "date":"2020-05-30",
         "transactionDate":"2020-05-30",
         "isManual":false,
         "sourceType":"AGGREGATED",
         "status":"POSTED",
         "accountId":10112450,
         "runningBalance":{
            "amount":959.18,
            "currency":"ZAR"
         }
      },
      {
         "CONTAINER":"bank",
         "id":17539725,
         "amount":{
            "amount":4.3,
            "currency":"ZAR"
         },
         "baseType":"DEBIT",
         "categoryType":"TRANSFER",
         "categoryId":28,
         "category":"Transfers",
         "categorySource":"SYSTEM",
         "highLevelCategoryId":10000015,
         "createdDate":"2020-06-16T15:16:59Z",
         "lastUpdated":"2020-06-16T15:16:59Z",
         "description":{
            "original":"NETBANK TRANSFER FEE",
            "simple":"NetBank"
         },
         "date":"2020-05-30",
         "transactionDate":"2020-05-30",
         "isManual":false,
         "sourceType":"AGGREGATED",
         "status":"POSTED",
         "accountId":10112450,
         "runningBalance":{
            "amount":954.88,
            "currency":"ZAR"
         },
         "merchant":{
            "id":"26178",
            "name":"NetBank",
            "source":"SIMPLIFI"
         }
      },
      {
         "CONTAINER":"bank",
         "id":17539724,
         "amount":{
            "amount":6965.31,
            "currency":"ZAR"
         },
         "baseType":"DEBIT",
         "categoryType":"EXPENSE",
         "categoryId":19,
         "category":"Other Expenses",
         "categorySource":"SYSTEM",
         "highLevelCategoryId":10000009,
         "createdDate":"2020-06-16T15:16:59Z",
         "lastUpdated":"2020-06-16T15:16:59Z",
         "description":{
            "original":"NEDBHL XXXXXXXXXXXXXXXX0530"
         },
         "date":"2020-05-30",
         "transactionDate":"2020-05-30",
         "isManual":false,
         "sourceType":"AGGREGATED",
         "status":"POSTED",
         "accountId":10112450,
         "runningBalance":{
            "amount":1264.18,
            "currency":"ZAR"
         }
      },
      {
         "CONTAINER":"bank",
         "id":17539723,
         "amount":{
            "amount":5.0,
            "currency":"ZAR"
         },
         "baseType":"DEBIT",
         "categoryType":"EXPENSE",
         "categoryId":19,
         "category":"Other Expenses",
         "categorySource":"SYSTEM",
         "highLevelCategoryId":10000009,
         "createdDate":"2020-06-16T15:16:59Z",
         "lastUpdated":"2020-06-16T15:16:59Z",
         "description":{
            "original":"DEBIT ORDER FEE"
         },
         "date":"2020-05-30",
         "transactionDate":"2020-05-30",
         "isManual":false,
         "sourceType":"AGGREGATED",
         "status":"POSTED",
         "accountId":10112450,
         "runningBalance":{
            "amount":1259.18,
            "currency":"ZAR"
         }
      },
      {
         "CONTAINER":"bank",
         "id":17539728,
         "amount":{
            "amount":150.0,
            "currency":"ZAR"
         },
         "baseType":"DEBIT",
         "categoryType":"EXPENSE",
         "categoryId":19,
         "category":"Other Expenses",
         "categorySource":"SYSTEM",
         "highLevelCategoryId":10000009,
         "createdDate":"2020-06-16T15:16:59Z",
         "lastUpdated":"2020-06-16T15:16:59Z",
         "description":{
            "original":"PowerBall Plus (XX-XX-2020)"
         },
         "date":"2020-05-29",
         "transactionDate":"2020-05-29",
         "isManual":false,
         "sourceType":"AGGREGATED",
         "status":"POSTED",
         "accountId":10112450,
         "runningBalance":{
            "amount":8234.69,
            "currency":"ZAR"
         }
      },
      {
         "CONTAINER":"bank",
         "id":17539727,
         "amount":{
            "amount":150.0,
            "currency":"ZAR"
         },
         "baseType":"DEBIT",
         "categoryType":"EXPENSE",
         "categoryId":19,
         "category":"Other Expenses",
         "categorySource":"SYSTEM",
         "highLevelCategoryId":10000009,
         "createdDate":"2020-06-16T15:16:59Z",
         "lastUpdated":"2020-06-16T15:16:59Z",
         "description":{
            "original":"PowerBall Plus (XX-XX-2020)"
         },
         "date":"2020-05-29",
         "transactionDate":"2020-05-29",
         "isManual":false,
         "sourceType":"AGGREGATED",
         "status":"POSTED",
         "accountId":10112450,
         "runningBalance":{
            "amount":8384.69,
            "currency":"ZAR"
         }
      },
      {
         "CONTAINER":"bank",
         "id":17539733,
         "amount":{
            "amount":19.0,
            "currency":"ZAR"
         },
         "baseType":"DEBIT",
         "categoryType":"EXPENSE",
         "categoryId":19,
         "category":"Other Expenses",
         "categorySource":"SYSTEM",
         "highLevelCategoryId":10000009,
         "createdDate":"2020-06-16T15:16:59Z",
         "lastUpdated":"2020-06-16T15:16:59Z",
         "description":{
            "original":"DEBIT ORDER FEE"
         },
         "date":"2020-05-28",
         "transactionDate":"2020-05-28",
         "isManual":false,
         "sourceType":"AGGREGATED",
         "status":"POSTED",
         "accountId":10112450,
         "runningBalance":{
            "amount":8534.69,
            "currency":"ZAR"
         }
      },
      {
         "CONTAINER":"bank",
         "id":17539732,
         "amount":{
            "amount":154.0,
            "currency":"ZAR"
         },
         "baseType":"DEBIT",
         "categoryType":"EXPENSE",
         "categoryId":19,
         "category":"Other Expenses",
         "categorySource":"SYSTEM",
         "highLevelCategoryId":10000009,
         "createdDate":"2020-06-16T15:16:59Z",
         "lastUpdated":"2020-06-16T15:16:59Z",
         "description":{
            "original":"LEGALWISE 2XXXXXXXXXXX0006L875"
         },
         "date":"2020-05-28",
         "transactionDate":"2020-05-28",
         "isManual":false,
         "sourceType":"AGGREGATED",
         "status":"POSTED",
         "accountId":10112450,
         "runningBalance":{
            "amount":8553.69,
            "currency":"ZAR"
         }
      },
      {
         "CONTAINER":"bank",
         "id":17539731,
         "amount":{
            "amount":500.0,
            "currency":"ZAR"
         },
         "baseType":"DEBIT",
         "categoryType":"EXPENSE",
         "categoryId":19,
         "category":"Other Expenses",
         "categorySource":"SYSTEM",
         "highLevelCategoryId":10000009,
         "createdDate":"2020-06-16T15:16:59Z",
         "lastUpdated":"2020-06-16T15:16:59Z",
         "description":{
            "original":"CURRENT ACCOUNT - XXXXXX8434"
         },
         "date":"2020-05-28",
         "transactionDate":"2020-05-28",
         "isManual":false,
         "sourceType":"AGGREGATED",
         "status":"POSTED",
         "accountId":10112450,
         "runningBalance":{
            "amount":8711.99,
            "currency":"ZAR"
         }
      },
      {
         "CONTAINER":"bank",
         "id":17539730,
         "amount":{
            "amount":4.3,
            "currency":"ZAR"
         },
         "baseType":"DEBIT",
         "categoryType":"TRANSFER",
         "categoryId":28,
         "category":"Transfers",
         "categorySource":"SYSTEM",
         "highLevelCategoryId":10000015,
         "createdDate":"2020-06-16T15:16:59Z",
         "lastUpdated":"2020-06-16T15:16:59Z",
         "description":{
            "original":"NETBANK TRANSFER FEE",
            "simple":"NetBank"
         },
         "date":"2020-05-28",
         "transactionDate":"2020-05-28",
         "isManual":false,
         "sourceType":"AGGREGATED",
         "status":"POSTED",
         "accountId":10112450,
         "runningBalance":{
            "amount":8707.69,
            "currency":"ZAR"
         },
         "merchant":{
            "id":"26178",
            "name":"NetBank",
            "source":"SIMPLIFI"
         }
      },
      {
         "CONTAINER":"bank",
         "id":17539737,
         "amount":{
            "amount":10.0,
            "currency":"ZAR"
         },
         "baseType":"DEBIT",
         "categoryType":"EXPENSE",
         "categoryId":24,
         "category":"Service Charges/Fees",
         "categorySource":"SYSTEM",
         "highLevelCategoryId":10000009,
         "createdDate":"2020-06-16T15:16:59Z",
         "lastUpdated":"2020-06-16T15:16:59Z",
         "description":{
            "original":"Nedbank Send-iMaliXXXXXX8085"
         },
         "date":"2020-05-27",
         "transactionDate":"2020-05-27",
         "isManual":false,
         "sourceType":"AGGREGATED",
         "status":"POSTED",
         "accountId":10112450,
         "runningBalance":{
            "amount":9211.99,
            "currency":"ZAR"
         }
      },
      {
         "CONTAINER":"bank",
         "id":17539736,
         "amount":{
            "amount":1460.0,
            "currency":"ZAR"
         },
         "baseType":"DEBIT",
         "categoryType":"EXPENSE",
         "categoryId":19,
         "category":"Other Expenses",
         "categorySource":"SYSTEM",
         "highLevelCategoryId":10000009,
         "createdDate":"2020-06-16T15:16:59Z",
         "lastUpdated":"2020-06-16T15:16:59Z",
         "description":{
            "original":"A P O PAYMENT XXXXXXXXXXXX6387"
         },
         "date":"2020-05-27",
         "transactionDate":"2020-05-27",
         "isManual":false,
         "sourceType":"AGGREGATED",
         "status":"POSTED",
         "accountId":10112450,
         "runningBalance":{
            "amount":9227.99,
            "currency":"ZAR"
         }
      },
      {
         "CONTAINER":"bank",
         "id":17539735,
         "amount":{
            "amount":5.0,
            "currency":"ZAR"
         },
         "baseType":"DEBIT",
         "categoryType":"EXPENSE",
         "categoryId":19,
         "category":"Other Expenses",
         "categorySource":"SYSTEM",
         "highLevelCategoryId":10000009,
         "createdDate":"2020-06-16T15:16:59Z",
         "lastUpdated":"2020-06-16T15:16:59Z",
         "description":{
            "original":"DEBIT ORDER FEE"
         },
         "date":"2020-05-27",
         "transactionDate":"2020-05-27",
         "isManual":false,
         "sourceType":"AGGREGATED",
         "status":"POSTED",
         "accountId":10112450,
         "runningBalance":{
            "amount":9222.99,
            "currency":"ZAR"
         }
      },
      {
         "CONTAINER":"bank",
         "id":17539734,
         "amount":{
            "amount":1.0,
            "currency":"ZAR"
         },
         "baseType":"DEBIT",
         "categoryType":"EXPENSE",
         "categoryId":24,
         "category":"Service Charges/Fees",
         "categorySource":"SYSTEM",
         "highLevelCategoryId":10000009,
         "createdDate":"2020-06-16T15:16:59Z",
         "lastUpdated":"2020-06-16T15:16:59Z",
         "description":{
            "original":"Notification Fee: E-mail"
         },
         "date":"2020-05-27",
         "transactionDate":"2020-05-27",
         "isManual":false,
         "sourceType":"AGGREGATED",
         "status":"POSTED",
         "accountId":10112450,
         "runningBalance":{
            "amount":9221.99,
            "currency":"ZAR"
         }
      },
      {
         "CONTAINER":"bank",
         "id":17539746,
         "amount":{
            "amount":2000.0,
            "currency":"ZAR"
         },
         "baseType":"DEBIT",
         "categoryType":"EXPENSE",
         "categoryId":39,
         "category":"Utilities",
         "categorySource":"SYSTEM",
         "highLevelCategoryId":10000004,
         "createdDate":"2020-06-16T15:16:59Z",
         "lastUpdated":"2020-06-16T15:16:59Z",
         "description":{
            "original":"Midcity Utilities"
         },
         "date":"2020-05-26",
         "transactionDate":"2020-05-26",
         "isManual":false,
         "sourceType":"AGGREGATED",
         "status":"POSTED",
         "accountId":10112450,
         "runningBalance":{
            "amount":10922.34,
            "currency":"ZAR"
         }
      },
      {
         "CONTAINER":"bank",
         "id":17539745,
         "amount":{
            "amount":200.0,
            "currency":"ZAR"
         },
         "baseType":"DEBIT",
         "categoryType":"EXPENSE",
         "categoryId":15,
         "category":"Cable/Satellite/Telecom",
         "categorySource":"SYSTEM",
         "highLevelCategoryId":10000004,
         "createdDate":"2020-06-16T15:16:59Z",
         "lastUpdated":"2020-06-16T15:16:59Z",
         "description":{
            "original":"Johnny Prepaid"
         },
         "date":"2020-05-26",
         "transactionDate":"2020-05-26",
         "isManual":false,
         "sourceType":"AGGREGATED",
         "status":"POSTED",
         "accountId":10112450,
         "runningBalance":{
            "amount":10713.99,
            "currency":"ZAR"
         }
      },
      {
         "CONTAINER":"bank",
         "id":17539744,
         "amount":{
            "amount":8.35,
            "currency":"ZAR"
         },
         "baseType":"DEBIT",
         "categoryType":"EXPENSE",
         "categoryId":24,
         "category":"Service Charges/Fees",
         "categorySource":"SYSTEM",
         "highLevelCategoryId":10000009,
         "createdDate":"2020-06-16T15:16:59Z",
         "lastUpdated":"2020-06-16T15:16:59Z",
         "description":{
            "original":"NETBANK PAYMENT FEE"
         },
         "date":"2020-05-26",
         "transactionDate":"2020-05-26",
         "isManual":false,
         "sourceType":"AGGREGATED",
         "status":"POSTED",
         "accountId":10112450,
         "runningBalance":{
            "amount":10913.99,
            "currency":"ZAR"
         }
      },
      {
         "CONTAINER":"bank",
         "id":17539743,
         "amount":{
            "amount":4.3,
            "currency":"ZAR"
         },
         "baseType":"DEBIT",
         "categoryType":"TRANSFER",
         "categoryId":28,
         "category":"Transfers",
         "categorySource":"SYSTEM",
         "highLevelCategoryId":10000015,
         "createdDate":"2020-06-16T15:16:59Z",
         "lastUpdated":"2020-06-16T15:16:59Z",
         "description":{
            "original":"NETBANK TRANSFER FEE",
            "simple":"NetBank"
         },
         "date":"2020-05-26",
         "transactionDate":"2020-05-26",
         "isManual":false,
         "sourceType":"AGGREGATED",
         "status":"POSTED",
         "accountId":10112450,
         "runningBalance":{
            "amount":13130.69,
            "currency":"ZAR"
         },
         "merchant":{
            "id":"26178",
            "name":"NetBank",
            "source":"SIMPLIFI"
         }
      },
      {
         "CONTAINER":"bank",
         "id":17539742,
         "amount":{
            "amount":2900.0,
            "currency":"ZAR"
         },
         "baseType":"DEBIT",
         "categoryType":"EXPENSE",
         "categoryId":19,
         "category":"Other Expenses",
         "categorySource":"SYSTEM",
         "highLevelCategoryId":10000009,
         "createdDate":"2020-06-16T15:16:59Z",
         "lastUpdated":"2020-06-16T15:16:59Z",
         "description":{
            "original":"CURRENT ACCOUNT - XXXXXX8434"
         },
         "date":"2020-05-26",
         "transactionDate":"2020-05-26",
         "isManual":false,
         "sourceType":"AGGREGATED",
         "status":"POSTED",
         "accountId":10112450,
         "runningBalance":{
            "amount":13134.99,
            "currency":"ZAR"
         }
      },
      {
         "CONTAINER":"bank",
         "id":17539741,
         "amount":{
            "amount":8.35,
            "currency":"ZAR"
         },
         "baseType":"DEBIT",
         "categoryType":"EXPENSE",
         "categoryId":24,
         "category":"Service Charges/Fees",
         "categorySource":"SYSTEM",
         "highLevelCategoryId":10000009,
         "createdDate":"2020-06-16T15:16:59Z",
         "lastUpdated":"2020-06-16T15:16:59Z",
         "description":{
            "original":"NETBANK PAYMENT FEE"
         },
         "date":"2020-05-26",
         "transactionDate":"2020-05-26",
         "isManual":false,
         "sourceType":"AGGREGATED",
         "status":"POSTED",
         "accountId":10112450,
         "runningBalance":{
            "amount":12922.34,
            "currency":"ZAR"
         }
      },
      {
         "CONTAINER":"bank",
         "id":17539740,
         "amount":{
            "amount":200.0,
            "currency":"ZAR"
         },
         "baseType":"DEBIT",
         "categoryType":"EXPENSE",
         "categoryId":19,
         "category":"Other Expenses",
         "categorySource":"SYSTEM",
         "highLevelCategoryId":10000009,
         "createdDate":"2020-06-16T15:16:59Z",
         "lastUpdated":"2020-06-16T15:16:59Z",
         "description":{
            "original":"Charl"
         },
         "date":"2020-05-26",
         "transactionDate":"2020-05-26",
         "isManual":false,
         "sourceType":"AGGREGATED",
         "status":"POSTED",
         "accountId":10112450,
         "runningBalance":{
            "amount":12930.69,
            "currency":"ZAR"
         }
      },
      {
         "CONTAINER":"bank",
         "id":17539739,
         "amount":{
            "amount":16000.0,
            "currency":"ZAR"
         },
         "baseType":"CREDIT",
         "categoryType":"INCOME",
         "categoryId":32,
         "category":"Other Income",
         "categorySource":"SYSTEM",
         "highLevelCategoryId":10000012,
         "createdDate":"2020-06-16T15:16:59Z",
         "lastUpdated":"2020-06-16T15:16:59Z",
         "description":{
            "original":"W Botha"
         },
         "date":"2020-05-26",
         "transactionDate":"2020-05-26",
         "isManual":false,
         "sourceType":"AGGREGATED",
         "status":"POSTED",
         "accountId":10112450,
         "runningBalance":{
            "amount":16034.99,
            "currency":"ZAR"
         }
      },
      {
         "CONTAINER":"bank",
         "id":17539738,
         "amount":{
            "amount":26.0,
            "currency":"ZAR"
         },
         "baseType":"DEBIT",
         "categoryType":"EXPENSE",
         "categoryId":24,
         "category":"Service Charges/Fees",
         "categorySource":"SYSTEM",
         "highLevelCategoryId":10000009,
         "createdDate":"2020-06-16T15:16:59Z",
         "lastUpdated":"2020-06-16T15:16:59Z",
         "description":{
            "original":"MONTHLY SERVICE FEE",
            "simple":"Charge/Fee"
         },
         "date":"2020-05-26",
         "transactionDate":"2020-05-26",
         "isManual":false,
         "sourceType":"AGGREGATED",
         "status":"POSTED",
         "accountId":10112450,
         "runningBalance":{
            "amount":10687.99,
            "currency":"ZAR"
         },
         "merchant":{
            "id":"293179",
            "name":"Charge/Fee",
            "source":"SIMPLIFI"
         }
      },
      {
         "CONTAINER":"bank",
         "id":17539747,
         "amount":{
            "amount":10.0,
            "currency":"ZAR"
         },
         "baseType":"DEBIT",
         "categoryType":"EXPENSE",
         "categoryId":24,
         "category":"Service Charges/Fees",
         "categorySource":"SYSTEM",
         "highLevelCategoryId":10000009,
         "createdDate":"2020-06-16T15:16:59Z",
         "lastUpdated":"2020-06-16T15:16:59Z",
         "description":{
            "original":"Nedbank Send-iMaliXXXXXX9781"
         },
         "date":"2020-05-25",
         "transactionDate":"2020-05-25",
         "isManual":false,
         "sourceType":"AGGREGATED",
         "status":"POSTED",
         "accountId":10112450,
         "runningBalance":{
            "amount":34.99,
            "currency":"ZAR"
         }
      },
      {
         "CONTAINER":"bank",
         "id":17539750,
         "amount":{
            "amount":100.0,
            "currency":"ZAR"
         },
         "baseType":"DEBIT",
         "categoryType":"TRANSFER",
         "categoryId":28,
         "category":"Transfers",
         "categorySource":"SYSTEM",
         "highLevelCategoryId":10000015,
         "createdDate":"2020-06-16T15:16:59Z",
         "lastUpdated":"2020-06-16T15:16:59Z",
         "description":{
            "original":"Johann Schoeman Money Transfer"
         },
         "date":"2020-05-23",
         "transactionDate":"2020-05-23",
         "isManual":false,
         "sourceType":"AGGREGATED",
         "status":"POSTED",
         "accountId":10112450,
         "runningBalance":{
            "amount":44.99,
            "currency":"ZAR"
         }
      },
      {
         "CONTAINER":"bank",
         "id":17539749,
         "amount":{
            "amount":1.0,
            "currency":"ZAR"
         },
         "baseType":"DEBIT",
         "categoryType":"EXPENSE",
         "categoryId":24,
         "category":"Service Charges/Fees",
         "categorySource":"SYSTEM",
         "highLevelCategoryId":10000009,
         "createdDate":"2020-06-16T15:16:59Z",
         "lastUpdated":"2020-06-16T15:16:59Z",
         "description":{
            "original":"ATM CASH DEPOSIT FEE"
         },
         "date":"2020-05-23",
         "transactionDate":"2020-05-23",
         "isManual":false,
         "sourceType":"AGGREGATED",
         "status":"POSTED",
         "accountId":10112450,
         "runningBalance":{
            "amount":144.99,
            "currency":"ZAR"
         }
      },
      {
         "CONTAINER":"bank",
         "id":17539748,
         "amount":{
            "amount":100.0,
            "currency":"ZAR"
         },
         "baseType":"CREDIT",
         "categoryType":"INCOME",
         "categoryId":32,
         "category":"Other Income",
         "categorySource":"SYSTEM",
         "highLevelCategoryId":10000012,
         "createdDate":"2020-06-16T15:16:59Z",
         "lastUpdated":"2020-06-16T15:16:59Z",
         "description":{
            "original":"XXXXXX2164willie"
         },
         "date":"2020-05-23",
         "transactionDate":"2020-05-23",
         "isManual":false,
         "sourceType":"AGGREGATED",
         "status":"POSTED",
         "accountId":10112450,
         "runningBalance":{
            "amount":145.99,
            "currency":"ZAR"
         }
      },
      {
         "CONTAINER":"bank",
         "id":17539751,
         "amount":{
            "amount":0.71,
            "currency":"ZAR"
         },
         "baseType":"CREDIT",
         "categoryType":"INCOME",
         "categoryId":96,
         "category":"Interest Income",
         "categorySource":"SYSTEM",
         "highLevelCategoryId":10000012,
         "createdDate":"2020-06-16T15:16:59Z",
         "lastUpdated":"2020-06-16T15:16:59Z",
         "description":{
            "original":"INTEREST"
         },
         "date":"2020-05-16",
         "transactionDate":"2020-05-16",
         "isManual":false,
         "sourceType":"AGGREGATED",
         "status":"POSTED",
         "accountId":10112450,
         "runningBalance":{
            "amount":45.99,
            "currency":"ZAR"
         }
      },
      {
         "CONTAINER":"bank",
         "id":17539756,
         "amount":{
            "amount":150.0,
            "currency":"ZAR"
         },
         "baseType":"DEBIT",
         "categoryType":"EXPENSE",
         "categoryId":19,
         "category":"Other Expenses",
         "categorySource":"SYSTEM",
         "highLevelCategoryId":10000009,
         "createdDate":"2020-06-16T15:16:59Z",
         "lastUpdated":"2020-06-16T15:16:59Z",
         "description":{
            "original":"PowerBall Plus (XX-XX-2020)"
         },
         "date":"2020-05-04",
         "transactionDate":"2020-05-04",
         "isManual":false,
         "sourceType":"AGGREGATED",
         "status":"POSTED",
         "accountId":10112450,
         "runningBalance":{
            "amount":50.48,
            "currency":"ZAR"
         }
      },
      {
         "CONTAINER":"bank",
         "id":17539754,
         "amount":{
            "amount":1350.0,
            "currency":"ZAR"
         },
         "baseType":"DEBIT",
         "categoryType":"EXPENSE",
         "categoryId":19,
         "category":"Other Expenses",
         "categorySource":"SYSTEM",
         "highLevelCategoryId":10000009,
         "createdDate":"2020-06-16T15:16:59Z",
         "lastUpdated":"2020-06-16T15:16:59Z",
         "description":{
            "original":"Willie Flexible"
         },
         "date":"2020-05-04",
         "transactionDate":"2020-05-04",
         "isManual":false,
         "sourceType":"AGGREGATED",
         "status":"POSTED",
         "accountId":10112450,
         "runningBalance":{
            "amount":408.83,
            "currency":"ZAR"
         }
      },
      {
         "CONTAINER":"bank",
         "id":17539752,
         "amount":{
            "amount":8.35,
            "currency":"ZAR"
         },
         "baseType":"DEBIT",
         "categoryType":"EXPENSE",
         "categoryId":24,
         "category":"Service Charges/Fees",
         "categorySource":"SYSTEM",
         "highLevelCategoryId":10000009,
         "createdDate":"2020-06-16T15:16:59Z",
         "lastUpdated":"2020-06-16T15:16:59Z",
         "description":{
            "original":"NETBANK PAYMENT FEE"
         },
         "date":"2020-05-04",
         "transactionDate":"2020-05-04",
         "isManual":false,
         "sourceType":"AGGREGATED",
         "status":"POSTED",
         "accountId":10112450,
         "runningBalance":{
            "amount":400.48,
            "currency":"ZAR"
         }
      },
      {
         "CONTAINER":"bank",
         "id":17539760,
         "amount":{
            "amount":64.2,
            "currency":"ZAR"
         },
         "baseType":"DEBIT",
         "categoryType":"EXPENSE",
         "categoryId":19,
         "category":"Other Expenses",
         "categorySource":"SYSTEM",
         "highLevelCategoryId":10000009,
         "createdDate":"2020-06-16T15:16:59Z",
         "lastUpdated":"2020-06-16T15:16:59Z",
         "description":{
            "original":"AFRIFORUM _XXXXX8798_XXXXX4366"
         },
         "date":"2020-05-02",
         "transactionDate":"2020-05-02",
         "isManual":false,
         "sourceType":"AGGREGATED",
         "status":"POSTED",
         "accountId":10112450,
         "runningBalance":{
            "amount":1777.83,
            "currency":"ZAR"
         }
      },
      {
         "CONTAINER":"bank",
         "id":17539759,
         "amount":{
            "amount":19.0,
            "currency":"ZAR"
         },
         "baseType":"DEBIT",
         "categoryType":"EXPENSE",
         "categoryId":19,
         "category":"Other Expenses",
         "categorySource":"SYSTEM",
         "highLevelCategoryId":10000009,
         "createdDate":"2020-06-16T15:16:59Z",
         "lastUpdated":"2020-06-16T15:16:59Z",
         "description":{
            "original":"DEBIT ORDER FEE"
         },
         "date":"2020-05-02",
         "transactionDate":"2020-05-02",
         "isManual":false,
         "sourceType":"AGGREGATED",
         "status":"POSTED",
         "accountId":10112450,
         "runningBalance":{
            "amount":1758.83,
            "currency":"ZAR"
         }
      },
      {
         "CONTAINER":"bank",
         "id":17539758,
         "amount":{
            "amount":750.0,
            "currency":"ZAR"
         },
         "baseType":"CREDIT",
         "categoryType":"INCOME",
         "categoryId":32,
         "category":"Other Income",
         "categorySource":"SYSTEM",
         "highLevelCategoryId":10000012,
         "createdDate":"2020-06-16T15:16:59Z",
         "lastUpdated":"2020-06-16T15:16:59Z",
         "description":{
            "original":"MASTER - XXXXXXXXXXXX6047"
         },
         "date":"2020-05-02",
         "transactionDate":"2020-05-02",
         "isManual":false,
         "sourceType":"AGGREGATED",
         "status":"POSTED",
         "accountId":10112450,
         "runningBalance":{
            "amount":1843.03,
            "currency":"ZAR"
         }
      },
      {
         "CONTAINER":"bank",
         "id":17539757,
         "amount":{
            "amount":1.0,
            "currency":"ZAR"
         },
         "baseType":"DEBIT",
         "categoryType":"EXPENSE",
         "categoryId":24,
         "category":"Service Charges/Fees",
         "categorySource":"SYSTEM",
         "highLevelCategoryId":10000009,
         "createdDate":"2020-06-16T15:16:59Z",
         "lastUpdated":"2020-06-16T15:16:59Z",
         "description":{
            "original":"Notification Fee: E-mail"
         },
         "date":"2020-05-02",
         "transactionDate":"2020-05-02",
         "isManual":false,
         "sourceType":"AGGREGATED",
         "status":"POSTED",
         "accountId":10112450,
         "runningBalance":{
            "amount":1842.03,
            "currency":"ZAR"
         }
      },
      {
         "CONTAINER":"bank",
         "id":17539764,
         "amount":{
            "amount":1680.0,
            "currency":"ZAR"
         },
         "baseType":"DEBIT",
         "categoryType":"EXPENSE",
         "categoryId":39,
         "category":"Utilities",
         "categorySource":"SYSTEM",
         "highLevelCategoryId":10000004,
         "createdDate":"2020-06-16T15:16:59Z",
         "lastUpdated":"2020-06-16T15:16:59Z",
         "description":{
            "original":"Midcity Utilities"
         },
         "date":"2020-04-30",
         "transactionDate":"2020-04-30",
         "isManual":false,
         "sourceType":"AGGREGATED",
         "status":"POSTED",
         "accountId":10112450,
         "runningBalance":{
            "amount":1101.38,
            "currency":"ZAR"
         }
      },
      {
         "CONTAINER":"bank",
         "id":17539763,
         "amount":{
            "amount":8.35,
            "currency":"ZAR"
         },
         "baseType":"DEBIT",
         "categoryType":"EXPENSE",
         "categoryId":24,
         "category":"Service Charges/Fees",
         "categorySource":"SYSTEM",
         "highLevelCategoryId":10000009,
         "createdDate":"2020-06-16T15:16:59Z",
         "lastUpdated":"2020-06-16T15:16:59Z",
         "description":{
            "original":"NETBANK PAYMENT FEE"
         },
         "date":"2020-04-30",
         "transactionDate":"2020-04-30",
         "isManual":false,
         "sourceType":"AGGREGATED",
         "status":"POSTED",
         "accountId":10112450,
         "runningBalance":{
            "amount":1093.03,
            "currency":"ZAR"
         }
      },
      {
         "CONTAINER":"bank",
         "id":17539762,
         "amount":{
            "amount":7459.16,
            "currency":"ZAR"
         },
         "baseType":"DEBIT",
         "categoryType":"EXPENSE",
         "categoryId":19,
         "category":"Other Expenses",
         "categorySource":"SYSTEM",
         "highLevelCategoryId":10000009,
         "createdDate":"2020-06-16T15:16:59Z",
         "lastUpdated":"2020-06-16T15:16:59Z",
         "description":{
            "original":"NEDBHL XXXXXXXXXXXXXXXX0430"
         },
         "date":"2020-04-30",
         "transactionDate":"2020-04-30",
         "isManual":false,
         "sourceType":"AGGREGATED",
         "status":"POSTED",
         "accountId":10112450,
         "runningBalance":{
            "amount":2786.38,
            "currency":"ZAR"
         }
      },
      {
         "CONTAINER":"bank",
         "id":17539761,
         "amount":{
            "amount":5.0,
            "currency":"ZAR"
         },
         "baseType":"DEBIT",
         "categoryType":"EXPENSE",
         "categoryId":19,
         "category":"Other Expenses",
         "categorySource":"SYSTEM",
         "highLevelCategoryId":10000009,
         "createdDate":"2020-06-16T15:16:59Z",
         "lastUpdated":"2020-06-16T15:16:59Z",
         "description":{
            "original":"DEBIT ORDER FEE"
         },
         "date":"2020-04-30",
         "transactionDate":"2020-04-30",
         "isManual":false,
         "sourceType":"AGGREGATED",
         "status":"POSTED",
         "accountId":10112450,
         "runningBalance":{
            "amount":2781.38,
            "currency":"ZAR"
         }
      },
      {
         "CONTAINER":"bank",
         "id":17539768,
         "amount":{
            "amount":154.0,
            "currency":"ZAR"
         },
         "baseType":"DEBIT",
         "categoryType":"EXPENSE",
         "categoryId":19,
         "category":"Other Expenses",
         "categorySource":"SYSTEM",
         "highLevelCategoryId":10000009,
         "createdDate":"2020-06-16T15:16:59Z",
         "lastUpdated":"2020-06-16T15:16:59Z",
         "description":{
            "original":"LEGALWISE 2XXXXXXXXXXX0006F2CF"
         },
         "date":"2020-04-28",
         "transactionDate":"2020-04-28",
         "isManual":false,
         "sourceType":"AGGREGATED",
         "status":"POSTED",
         "accountId":10112450,
         "runningBalance":{
            "amount":10264.54,
            "currency":"ZAR"
         }
      },
      {
         "CONTAINER":"bank",
         "id":17539767,
         "amount":{
            "amount":19.0,
            "currency":"ZAR"
         },
         "baseType":"DEBIT",
         "categoryType":"EXPENSE",
         "categoryId":19,
         "category":"Other Expenses",
         "categorySource":"SYSTEM",
         "highLevelCategoryId":10000009,
         "createdDate":"2020-06-16T15:16:59Z",
         "lastUpdated":"2020-06-16T15:16:59Z",
         "description":{
            "original":"DEBIT ORDER FEE"
         },
         "date":"2020-04-28",
         "transactionDate":"2020-04-28",
         "isManual":false,
         "sourceType":"AGGREGATED",
         "status":"POSTED",
         "accountId":10112450,
         "runningBalance":{
            "amount":10245.54,
            "currency":"ZAR"
         }
      },
      {
         "CONTAINER":"bank",
         "id":17539766,
         "amount":{
            "amount":1500.0,
            "currency":"ZAR"
         },
         "baseType":"DEBIT",
         "categoryType":"EXPENSE",
         "categoryId":19,
         "category":"Other Expenses",
         "categorySource":"SYSTEM",
         "highLevelCategoryId":10000009,
         "createdDate":"2020-06-16T15:16:59Z",
         "lastUpdated":"2020-06-16T15:16:59Z",
         "description":{
            "original":"A P O PAYMENT XXXXXXXXXXXX6387"
         },
         "date":"2020-04-28",
         "transactionDate":"2020-04-28",
         "isManual":false,
         "sourceType":"AGGREGATED",
         "status":"POSTED",
         "accountId":10112450,
         "runningBalance":{
            "amount":10423.54,
            "currency":"ZAR"
         }
      },
      {
         "CONTAINER":"bank",
         "id":17539765,
         "amount":{
            "amount":5.0,
            "currency":"ZAR"
         },
         "baseType":"DEBIT",
         "categoryType":"EXPENSE",
         "categoryId":19,
         "category":"Other Expenses",
         "categorySource":"SYSTEM",
         "highLevelCategoryId":10000009,
         "createdDate":"2020-06-16T15:16:59Z",
         "lastUpdated":"2020-06-16T15:16:59Z",
         "description":{
            "original":"DEBIT ORDER FEE"
         },
         "date":"2020-04-28",
         "transactionDate":"2020-04-28",
         "isManual":false,
         "sourceType":"AGGREGATED",
         "status":"POSTED",
         "accountId":10112450,
         "runningBalance":{
            "amount":10418.54,
            "currency":"ZAR"
         }
      },
      {
         "CONTAINER":"bank",
         "id":17539161,
         "amount":{
            "amount":4.3,
            "currency":"ZAR"
         },
         "baseType":"DEBIT",
         "categoryType":"TRANSFER",
         "categoryId":28,
         "category":"Transfers",
         "categorySource":"SYSTEM",
         "highLevelCategoryId":10000015,
         "createdDate":"2020-06-16T15:16:31Z",
         "lastUpdated":"2020-06-16T15:16:31Z",
         "description":{
            "original":"NETBANK TRANSFER FEE",
            "simple":"NetBank"
         },
         "date":"2020-04-25",
         "transactionDate":"2020-04-25",
         "isManual":false,
         "sourceType":"AGGREGATED",
         "status":"POSTED",
         "accountId":10112450,
         "runningBalance":{
            "amount":11923.54,
            "currency":"ZAR"
         },
         "merchant":{
            "id":"26178",
            "name":"NetBank",
            "source":"SIMPLIFI"
         }
      },
      {
         "CONTAINER":"bank",
         "id":17539160,
         "amount":{
            "amount":18000.0,
            "currency":"ZAR"
         },
         "baseType":"CREDIT",
         "categoryType":"INCOME",
         "categoryId":32,
         "category":"Other Income",
         "categorySource":"SYSTEM",
         "highLevelCategoryId":10000012,
         "createdDate":"2020-06-16T15:16:31Z",
         "lastUpdated":"2020-06-16T15:16:31Z",
         "description":{
            "original":"W Botha"
         },
         "date":"2020-04-25",
         "transactionDate":"2020-04-25",
         "isManual":false,
         "sourceType":"AGGREGATED",
         "status":"POSTED",
         "accountId":10112450,
         "runningBalance":{
            "amount":17927.84,
            "currency":"ZAR"
         }
      },
      {
         "CONTAINER":"bank",
         "id":17539159,
         "amount":{
            "amount":6000.0,
            "currency":"ZAR"
         },
         "baseType":"DEBIT",
         "categoryType":"EXPENSE",
         "categoryId":19,
         "category":"Other Expenses",
         "categorySource":"SYSTEM",
         "highLevelCategoryId":10000009,
         "createdDate":"2020-06-16T15:16:31Z",
         "lastUpdated":"2020-06-16T15:16:31Z",
         "description":{
            "original":"CURRENT ACCOUNT - XXXXXX8434"
         },
         "date":"2020-04-25",
         "transactionDate":"2020-04-25",
         "isManual":false,
         "sourceType":"AGGREGATED",
         "status":"POSTED",
         "accountId":10112450,
         "runningBalance":{
            "amount":11927.84,
            "currency":"ZAR"
         }
      },
      {
         "CONTAINER":"bank",
         "id":17539162,
         "amount":{
            "amount":26.0,
            "currency":"ZAR"
         },
         "baseType":"DEBIT",
         "categoryType":"EXPENSE",
         "categoryId":24,
         "category":"Service Charges/Fees",
         "categorySource":"SYSTEM",
         "highLevelCategoryId":10000009,
         "createdDate":"2020-06-16T15:16:31Z",
         "lastUpdated":"2020-06-16T15:16:31Z",
         "description":{
            "original":"MONTHLY SERVICE FEE",
            "simple":"Charge/Fee"
         },
         "date":"2020-04-24",
         "transactionDate":"2020-04-24",
         "isManual":false,
         "sourceType":"AGGREGATED",
         "status":"POSTED",
         "accountId":10112450,
         "runningBalance":{
            "amount":-72.16,
            "currency":"ZAR"
         },
         "merchant":{
            "id":"293179",
            "name":"Charge/Fee",
            "source":"SIMPLIFI"
         }
      },
      {
         "CONTAINER":"bank",
         "id":17539163,
         "amount":{
            "amount":20.0,
            "currency":"ZAR"
         },
         "baseType":"CREDIT",
         "categoryType":"INCOME",
         "categoryId":32,
         "category":"Other Income",
         "categorySource":"SYSTEM",
         "highLevelCategoryId":10000012,
         "createdDate":"2020-06-16T15:16:31Z",
         "lastUpdated":"2020-06-16T15:16:31Z",
         "description":{
            "original":"LOTTERY WINNINGS XXXX0418"
         },
         "date":"2020-04-20",
         "transactionDate":"2020-04-20",
         "isManual":false,
         "sourceType":"AGGREGATED",
         "status":"POSTED",
         "accountId":10112450,
         "runningBalance":{
            "amount":-46.16,
            "currency":"ZAR"
         }
      },
      {
         "CONTAINER":"bank",
         "id":17539164,
         "amount":{
            "amount":0.57,
            "currency":"ZAR"
         },
         "baseType":"CREDIT",
         "categoryType":"INCOME",
         "categoryId":96,
         "category":"Interest Income",
         "categorySource":"SYSTEM",
         "highLevelCategoryId":10000012,
         "createdDate":"2020-06-16T15:16:31Z",
         "lastUpdated":"2020-06-16T15:16:31Z",
         "description":{
            "original":"INTEREST"
         },
         "date":"2020-04-16",
         "transactionDate":"2020-04-16",
         "isManual":false,
         "sourceType":"AGGREGATED",
         "status":"POSTED",
         "accountId":10112450,
         "runningBalance":{
            "amount":-66.16,
            "currency":"ZAR"
         }
      },
      {
         "CONTAINER":"bank",
         "id":17539166,
         "amount":{
            "amount":60.0,
            "currency":"ZAR"
         },
         "baseType":"DEBIT",
         "categoryType":"EXPENSE",
         "categoryId":24,
         "category":"Service Charges/Fees",
         "categorySource":"SYSTEM",
         "highLevelCategoryId":10000009,
         "createdDate":"2020-06-16T15:16:31Z",
         "lastUpdated":"2020-06-16T15:16:31Z",
         "description":{
            "original":"CHARGE UNPAID ITEM"
         },
         "date":"2020-04-02",
         "transactionDate":"2020-04-02",
         "isManual":false,
         "sourceType":"AGGREGATED",
         "status":"POSTED",
         "accountId":10112450,
         "runningBalance":{
            "amount":-66.73,
            "currency":"ZAR"
         }
      },
      {
         "CONTAINER":"bank",
         "id":17539165,
         "amount":{
            "amount":64.2,
            "currency":"ZAR"
         },
         "baseType":"CREDIT",
         "categoryType":"INCOME",
         "categoryId":32,
         "category":"Other Income",
         "categorySource":"SYSTEM",
         "highLevelCategoryId":10000012,
         "createdDate":"2020-06-16T15:16:31Z",
         "lastUpdated":"2020-06-16T15:16:31Z",
         "description":{
            "original":"UNPAID MAGTAPE ITEM"
         },
         "date":"2020-04-02",
         "transactionDate":"2020-04-02",
         "isManual":false,
         "sourceType":"AGGREGATED",
         "status":"POSTED",
         "accountId":10112450,
         "runningBalance":{
            "amount":-6.73,
            "currency":"ZAR"
         }
      },
      {
         "CONTAINER":"bank",
         "id":17539168,
         "amount":{
            "amount":19.0,
            "currency":"ZAR"
         },
         "baseType":"DEBIT",
         "categoryType":"EXPENSE",
         "categoryId":19,
         "category":"Other Expenses",
         "categorySource":"SYSTEM",
         "highLevelCategoryId":10000009,
         "createdDate":"2020-06-16T15:16:31Z",
         "lastUpdated":"2020-06-16T15:16:31Z",
         "description":{
            "original":"DEBIT ORDER FEE"
         },
         "date":"2020-04-01",
         "transactionDate":"2020-04-01",
         "isManual":false,
         "sourceType":"AGGREGATED",
         "status":"POSTED",
         "accountId":10112450,
         "runningBalance":{
            "amount":-70.93,
            "currency":"ZAR"
         }
      },
      {
         "CONTAINER":"bank",
         "id":17539167,
         "amount":{
            "amount":64.2,
            "currency":"ZAR"
         },
         "baseType":"DEBIT",
         "categoryType":"EXPENSE",
         "categoryId":19,
         "category":"Other Expenses",
         "categorySource":"SYSTEM",
         "highLevelCategoryId":10000009,
         "createdDate":"2020-06-16T15:16:31Z",
         "lastUpdated":"2020-06-16T15:16:31Z",
         "description":{
            "original":"AFRIFORUM _XXXXX3515_XXXXX4366"
         },
         "date":"2020-04-01",
         "transactionDate":"2020-04-01",
         "isManual":false,
         "sourceType":"AGGREGATED",
         "status":"POSTED",
         "accountId":10112450,
         "runningBalance":{
            "amount":-51.93,
            "currency":"ZAR"
         }
      },
      {
         "CONTAINER":"bank",
         "id":17539175,
         "amount":{
            "amount":1000.0,
            "currency":"ZAR"
         },
         "baseType":"DEBIT",
         "categoryType":"EXPENSE",
         "categoryId":19,
         "category":"Other Expenses",
         "categorySource":"SYSTEM",
         "highLevelCategoryId":10000009,
         "createdDate":"2020-06-16T15:16:31Z",
         "lastUpdated":"2020-06-16T15:16:31Z",
         "description":{
            "original":"Willie Flexible"
         },
         "date":"2020-03-31",
         "transactionDate":"2020-03-31",
         "isManual":false,
         "sourceType":"AGGREGATED",
         "status":"POSTED",
         "accountId":10112450,
         "runningBalance":{
            "amount":223.22,
            "currency":"ZAR"
         }
      },
      {
         "CONTAINER":"bank",
         "id":17539173,
         "amount":{
            "amount":8.35,
            "currency":"ZAR"
         },
         "baseType":"DEBIT",
         "categoryType":"EXPENSE",
         "categoryId":24,
         "category":"Service Charges/Fees",
         "categorySource":"SYSTEM",
         "highLevelCategoryId":10000009,
         "createdDate":"2020-06-16T15:16:31Z",
         "lastUpdated":"2020-06-16T15:16:31Z",
         "description":{
            "original":"NETBANK PAYMENT FEE"
         },
         "date":"2020-03-31",
         "transactionDate":"2020-03-31",
         "isManual":false,
         "sourceType":"AGGREGATED",
         "status":"POSTED",
         "accountId":10112450,
         "runningBalance":{
            "amount":214.87,
            "currency":"ZAR"
         }
      },
      {
         "CONTAINER":"bank",
         "id":17539172,
         "amount":{
            "amount":1600.0,
            "currency":"ZAR"
         },
         "baseType":"CREDIT",
         "categoryType":"INCOME",
         "categoryId":32,
         "category":"Other Income",
         "categorySource":"SYSTEM",
         "highLevelCategoryId":10000012,
         "createdDate":"2020-06-16T15:16:31Z",
         "lastUpdated":"2020-06-16T15:16:31Z",
         "description":{
            "original":"MASTER - XXXXXXXXXXXX6047"
         },
         "date":"2020-03-31",
         "transactionDate":"2020-03-31",
         "isManual":false,
         "sourceType":"AGGREGATED",
         "status":"POSTED",
         "accountId":10112450,
         "runningBalance":{
            "amount":2731.57,
            "currency":"ZAR"
         }
      },
      {
         "CONTAINER":"bank",
         "id":17539171,
         "amount":{
            "amount":1000.0,
            "currency":"ZAR"
         },
         "baseType":"CREDIT",
         "categoryType":"INCOME",
         "categoryId":32,
         "category":"Other Income",
         "categorySource":"SYSTEM",
         "highLevelCategoryId":10000012,
         "createdDate":"2020-06-16T15:16:31Z",
         "lastUpdated":"2020-06-16T15:16:31Z",
         "description":{
            "original":"Charmaine"
         },
         "date":"2020-03-31",
         "transactionDate":"2020-03-31",
         "isManual":false,
         "sourceType":"AGGREGATED",
         "status":"POSTED",
         "accountId":10112450,
         "runningBalance":{
            "amount":1131.57,
            "currency":"ZAR"
         }
      },
      {
         "CONTAINER":"bank",
         "id":17539170,
         "amount":{
            "amount":8.35,
            "currency":"ZAR"
         },
         "baseType":"DEBIT",
         "categoryType":"EXPENSE",
         "categoryId":24,
         "category":"Service Charges/Fees",
         "categorySource":"SYSTEM",
         "highLevelCategoryId":10000009,
         "createdDate":"2020-06-16T15:16:31Z",
         "lastUpdated":"2020-06-16T15:16:31Z",
         "description":{
            "original":"NETBANK PAYMENT FEE"
         },
         "date":"2020-03-31",
         "transactionDate":"2020-03-31",
         "isManual":false,
         "sourceType":"AGGREGATED",
         "status":"POSTED",
         "accountId":10112450,
         "runningBalance":{
            "amount":1223.22,
            "currency":"ZAR"
         }
      },
      {
         "CONTAINER":"bank",
         "id":17539169,
         "amount":{
            "amount":1500.0,
            "currency":"ZAR"
         },
         "baseType":"DEBIT",
         "categoryType":"EXPENSE",
         "categoryId":19,
         "category":"Other Expenses",
         "categorySource":"SYSTEM",
         "highLevelCategoryId":10000009,
         "createdDate":"2020-06-16T15:16:31Z",
         "lastUpdated":"2020-06-16T15:16:31Z",
         "description":{
            "original":"Willie Flexible"
         },
         "date":"2020-03-31",
         "transactionDate":"2020-03-31",
         "isManual":false,
         "sourceType":"AGGREGATED",
         "status":"POSTED",
         "accountId":10112450,
         "runningBalance":{
            "amount":1231.57,
            "currency":"ZAR"
         }
      },
      {
         "CONTAINER":"bank",
         "id":17539183,
         "amount":{
            "amount":1000.0,
            "currency":"ZAR"
         },
         "baseType":"DEBIT",
         "categoryType":"TRANSFER",
         "categoryId":40,
         "category":"Savings",
         "categorySource":"SYSTEM",
         "highLevelCategoryId":10000015,
         "createdDate":"2020-06-16T15:16:31Z",
         "lastUpdated":"2020-06-16T15:16:31Z",
         "description":{
            "original":"Capitec Savings"
         },
         "date":"2020-03-30",
         "transactionDate":"2020-03-30",
         "isManual":false,
         "sourceType":"AGGREGATED",
         "status":"POSTED",
         "accountId":10112450,
         "runningBalance":{
            "amount":495.12,
            "currency":"ZAR"
         }
      },
      {
         "CONTAINER":"bank",
         "id":17539182,
         "amount":{
            "amount":150.0,
            "currency":"ZAR"
         },
         "baseType":"DEBIT",
         "categoryType":"EXPENSE",
         "categoryId":19,
         "category":"Other Expenses",
         "categorySource":"SYSTEM",
         "highLevelCategoryId":10000009,
         "createdDate":"2020-06-16T15:16:31Z",
         "lastUpdated":"2020-06-16T15:16:31Z",
         "description":{
            "original":"PowerBall Plus (XX-XX-2020)"
         },
         "date":"2020-03-30",
         "transactionDate":"2020-03-30",
         "isManual":false,
         "sourceType":"AGGREGATED",
         "status":"POSTED",
         "accountId":10112450,
         "runningBalance":{
            "amount":336.77,
            "currency":"ZAR"
         }
      },
      {
         "CONTAINER":"bank",
         "id":17539181,
         "amount":{
            "amount":8.35,
            "currency":"ZAR"
         },
         "baseType":"DEBIT",
         "categoryType":"EXPENSE",
         "categoryId":24,
         "category":"Service Charges/Fees",
         "categorySource":"SYSTEM",
         "highLevelCategoryId":10000009,
         "createdDate":"2020-06-16T15:16:31Z",
         "lastUpdated":"2020-06-16T15:16:31Z",
         "description":{
            "original":"NETBANK PAYMENT FEE"
         },
         "date":"2020-03-30",
         "transactionDate":"2020-03-30",
         "isManual":false,
         "sourceType":"AGGREGATED",
         "status":"POSTED",
         "accountId":10112450,
         "runningBalance":{
            "amount":486.77,
            "currency":"ZAR"
         }
      },
      {
         "CONTAINER":"bank",
         "id":17539179,
         "amount":{
            "amount":7974.97,
            "currency":"ZAR"
         },
         "baseType":"DEBIT",
         "categoryType":"EXPENSE",
         "categoryId":19,
         "category":"Other Expenses",
         "categorySource":"SYSTEM",
         "highLevelCategoryId":10000009,
         "createdDate":"2020-06-16T15:16:31Z",
         "lastUpdated":"2020-06-16T15:16:31Z",
         "description":{
            "original":"NEDBHL XXXXXXXXXXXXXXXX0330"
         },
         "date":"2020-03-30",
         "transactionDate":"2020-03-30",
         "isManual":false,
         "sourceType":"AGGREGATED",
         "status":"POSTED",
         "accountId":10112450,
         "runningBalance":{
            "amount":1500.12,
            "currency":"ZAR"
         }
      },
      {
         "CONTAINER":"bank",
         "id":17539178,
         "amount":{
            "amount":5.0,
            "currency":"ZAR"
         },
         "baseType":"DEBIT",
         "categoryType":"EXPENSE",
         "categoryId":19,
         "category":"Other Expenses",
         "categorySource":"SYSTEM",
         "highLevelCategoryId":10000009,
         "createdDate":"2020-06-16T15:16:31Z",
         "lastUpdated":"2020-06-16T15:16:31Z",
         "description":{
            "original":"DEBIT ORDER FEE"
         },
         "date":"2020-03-30",
         "transactionDate":"2020-03-30",
         "isManual":false,
         "sourceType":"AGGREGATED",
         "status":"POSTED",
         "accountId":10112450,
         "runningBalance":{
            "amount":1495.12,
            "currency":"ZAR"
         }
      },
      {
         "CONTAINER":"bank",
         "id":17539185,
         "amount":{
            "amount":19.0,
            "currency":"ZAR"
         },
         "baseType":"DEBIT",
         "categoryType":"EXPENSE",
         "categoryId":19,
         "category":"Other Expenses",
         "categorySource":"SYSTEM",
         "highLevelCategoryId":10000009,
         "createdDate":"2020-06-16T15:16:31Z",
         "lastUpdated":"2020-06-16T15:16:31Z",
         "description":{
            "original":"DEBIT ORDER FEE"
         },
         "date":"2020-03-28",
         "transactionDate":"2020-03-28",
         "isManual":false,
         "sourceType":"AGGREGATED",
         "status":"POSTED",
         "accountId":10112450,
         "runningBalance":{
            "amount":9475.09,
            "currency":"ZAR"
         }
      },
      {
         "CONTAINER":"bank",
         "id":17539184,
         "amount":{
            "amount":154.0,
            "currency":"ZAR"
         },
         "baseType":"DEBIT",
         "categoryType":"EXPENSE",
         "categoryId":19,
         "category":"Other Expenses",
         "categorySource":"SYSTEM",
         "highLevelCategoryId":10000009,
         "createdDate":"2020-06-16T15:16:31Z",
         "lastUpdated":"2020-06-16T15:16:31Z",
         "description":{
            "original":"LEGALWISE 2XXXXXXXXXXXX0068V70"
         },
         "date":"2020-03-28",
         "transactionDate":"2020-03-28",
         "isManual":false,
         "sourceType":"AGGREGATED",
         "status":"POSTED",
         "accountId":10112450,
         "runningBalance":{
            "amount":9494.09,
            "currency":"ZAR"
         }
      },
      {
         "CONTAINER":"bank",
         "id":17539187,
         "amount":{
            "amount":5.0,
            "currency":"ZAR"
         },
         "baseType":"DEBIT",
         "categoryType":"EXPENSE",
         "categoryId":19,
         "category":"Other Expenses",
         "categorySource":"SYSTEM",
         "highLevelCategoryId":10000009,
         "createdDate":"2020-06-16T15:16:31Z",
         "lastUpdated":"2020-06-16T15:16:31Z",
         "description":{
            "original":"DEBIT ORDER FEE"
         },
         "date":"2020-03-27",
         "transactionDate":"2020-03-27",
         "isManual":false,
         "sourceType":"AGGREGATED",
         "status":"POSTED",
         "accountId":10112450,
         "runningBalance":{
            "amount":9648.09,
            "currency":"ZAR"
         }
      },
      {
         "CONTAINER":"bank",
         "id":17539186,
         "amount":{
            "amount":2340.0,
            "currency":"ZAR"
         },
         "baseType":"DEBIT",
         "categoryType":"EXPENSE",
         "categoryId":19,
         "category":"Other Expenses",
         "categorySource":"SYSTEM",
         "highLevelCategoryId":10000009,
         "createdDate":"2020-06-16T15:16:31Z",
         "lastUpdated":"2020-06-16T15:16:31Z",
         "description":{
            "original":"A P O PAYMENT XXXXXXXXXXXX6387"
         },
         "date":"2020-03-27",
         "transactionDate":"2020-03-27",
         "isManual":false,
         "sourceType":"AGGREGATED",
         "status":"POSTED",
         "accountId":10112450,
         "runningBalance":{
            "amount":9653.09,
            "currency":"ZAR"
         }
      },
      {
         "CONTAINER":"bank",
         "id":17539189,
         "amount":{
            "amount":26.0,
            "currency":"ZAR"
         },
         "baseType":"DEBIT",
         "categoryType":"EXPENSE",
         "categoryId":24,
         "category":"Service Charges/Fees",
         "categorySource":"SYSTEM",
         "highLevelCategoryId":10000009,
         "createdDate":"2020-06-16T15:16:31Z",
         "lastUpdated":"2020-06-16T15:16:31Z",
         "description":{
            "original":"MONTHLY SERVICE FEE",
            "simple":"Charge/Fee"
         },
         "date":"2020-03-26",
         "transactionDate":"2020-03-26",
         "isManual":false,
         "sourceType":"AGGREGATED",
         "status":"POSTED",
         "accountId":10112450,
         "runningBalance":{
            "amount":11993.09,
            "currency":"ZAR"
         },
         "merchant":{
            "id":"293179",
            "name":"Charge/Fee",
            "source":"SIMPLIFI"
         }
      },
      {
         "CONTAINER":"bank",
         "id":17539188,
         "amount":{
            "amount":20.0,
            "currency":"ZAR"
         },
         "baseType":"CREDIT",
         "categoryType":"INCOME",
         "categoryId":32,
         "category":"Other Income",
         "categorySource":"SYSTEM",
         "highLevelCategoryId":10000012,
         "createdDate":"2020-06-16T15:16:31Z",
         "lastUpdated":"2020-06-16T15:16:31Z",
         "description":{
            "original":"LOTTERY WINNINGS XXXX0325"
         },
         "date":"2020-03-26",
         "transactionDate":"2020-03-26",
         "isManual":false,
         "sourceType":"AGGREGATED",
         "status":"POSTED",
         "accountId":10112450,
         "runningBalance":{
            "amount":12019.09,
            "currency":"ZAR"
         }
      },
      {
         "CONTAINER":"bank",
         "id":17539192,
         "amount":{
            "amount":4.3,
            "currency":"ZAR"
         },
         "baseType":"DEBIT",
         "categoryType":"TRANSFER",
         "categoryId":28,
         "category":"Transfers",
         "categorySource":"SYSTEM",
         "highLevelCategoryId":10000015,
         "createdDate":"2020-06-16T15:16:31Z",
         "lastUpdated":"2020-06-16T15:16:31Z",
         "description":{
            "original":"NETBANK TRANSFER FEE",
            "simple":"NetBank"
         },
         "date":"2020-03-25",
         "transactionDate":"2020-03-25",
         "isManual":false,
         "sourceType":"AGGREGATED",
         "status":"POSTED",
         "accountId":10112450,
         "runningBalance":{
            "amount":11999.09,
            "currency":"ZAR"
         },
         "merchant":{
            "id":"26178",
            "name":"NetBank",
            "source":"SIMPLIFI"
         }
      },
      {
         "CONTAINER":"bank",
         "id":17539191,
         "amount":{
            "amount":6000.0,
            "currency":"ZAR"
         },
         "baseType":"DEBIT",
         "categoryType":"EXPENSE",
         "categoryId":19,
         "category":"Other Expenses",
         "categorySource":"SYSTEM",
         "highLevelCategoryId":10000009,
         "createdDate":"2020-06-16T15:16:31Z",
         "lastUpdated":"2020-06-16T15:16:31Z",
         "description":{
            "original":"CURRENT ACCOUNT - XXXXXX8434"
         },
         "date":"2020-03-25",
         "transactionDate":"2020-03-25",
         "isManual":false,
         "sourceType":"AGGREGATED",
         "status":"POSTED",
         "accountId":10112450,
         "runningBalance":{
            "amount":12003.39,
            "currency":"ZAR"
         }
      },
      {
         "CONTAINER":"bank",
         "id":17539190,
         "amount":{
            "amount":18000.0,
            "currency":"ZAR"
         },
         "baseType":"CREDIT",
         "categoryType":"INCOME",
         "categoryId":32,
         "category":"Other Income",
         "categorySource":"SYSTEM",
         "highLevelCategoryId":10000012,
         "createdDate":"2020-06-16T15:16:31Z",
         "lastUpdated":"2020-06-16T15:16:31Z",
         "description":{
            "original":"W Botha"
         },
         "date":"2020-03-25",
         "transactionDate":"2020-03-25",
         "isManual":false,
         "sourceType":"AGGREGATED",
         "status":"POSTED",
         "accountId":10112450,
         "runningBalance":{
            "amount":18003.39,
            "currency":"ZAR"
         }
      }
   ]
}