-- MySQL dump 10.13  Distrib 8.0.19, for Win64 (x86_64)
--
-- Host: localhost    Database: oneidbankstatement
-- ------------------------------------------------------
-- Server version	8.0.19

/*!40101 SET @OLD_CHARACTER_SET_CLIENT=@@CHARACTER_SET_CLIENT */;
/*!40101 SET @OLD_CHARACTER_SET_RESULTS=@@CHARACTER_SET_RESULTS */;
/*!40101 SET @OLD_COLLATION_CONNECTION=@@COLLATION_CONNECTION */;
/*!50503 SET NAMES utf8 */;
/*!40103 SET @OLD_TIME_ZONE=@@TIME_ZONE */;
/*!40103 SET TIME_ZONE='+00:00' */;
/*!40014 SET @OLD_UNIQUE_CHECKS=@@UNIQUE_CHECKS, UNIQUE_CHECKS=0 */;
/*!40014 SET @OLD_FOREIGN_KEY_CHECKS=@@FOREIGN_KEY_CHECKS, FOREIGN_KEY_CHECKS=0 */;
/*!40101 SET @OLD_SQL_MODE=@@SQL_MODE, SQL_MODE='NO_AUTO_VALUE_ON_ZERO' */;
/*!40111 SET @OLD_SQL_NOTES=@@SQL_NOTES, SQL_NOTES=0 */;

--
-- Table structure for table `audit_log`
--

DROP TABLE IF EXISTS `audit_log`;
/*!40101 SET @saved_cs_client     = @@character_set_client */;
/*!50503 SET character_set_client = utf8mb4 */;
CREATE TABLE `audit_log` (
  `id` int NOT NULL AUTO_INCREMENT,
  `company_id` int NOT NULL,
  `role_id` int NOT NULL,
  `message` varchar(545) NOT NULL,
  `created_at` datetime DEFAULT CURRENT_TIMESTAMP,
  PRIMARY KEY (`id`),
  KEY `fk_al_compId_idx` (`company_id`),
  CONSTRAINT `fk_al_compId` FOREIGN KEY (`company_id`) REFERENCES `company_info` (`id`)
) ENGINE=InnoDB AUTO_INCREMENT=270 DEFAULT CHARSET=utf8;
/*!40101 SET character_set_client = @saved_cs_client */;

--
-- Dumping data for table `audit_log`
--

LOCK TABLES `audit_log` WRITE;
/*!40000 ALTER TABLE `audit_log` DISABLE KEYS */;
INSERT INTO `audit_log` VALUES (5,1,1,'2020-05-05 15:44:16/127.0.0.1/AUTH/Success','2020-05-05 15:44:16'),(6,1,1,'2020-05-05 15:44:48/0:0:0:0:0:0:0:1/COMPANY-LIST/Success','2020-05-05 15:44:48'),(7,1,1,'2020-05-05 16:01:55/127.0.0.1/COMPANY-CREATE/Invalid username found','2020-05-05 16:01:55'),(8,1,1,'2020-05-05 16:02:14/0:0:0:0:0:0:0:1/COMPANY-LIST/Success','2020-05-05 16:02:14'),(9,2,2,'2020-05-05 16:06:56/0:0:0:0:0:0:0:1/AUTH/Success','2020-05-05 16:06:56'),(10,2,2,'2020-05-05 16:07:12/127.0.0.1/USER-ACCOUNT-GET/hubMockTesterTwoID/Success','2020-05-05 16:07:12'),(11,2,2,'2020-05-05 16:07:49/0:0:0:0:0:0:0:1/USER-ACCOUNT-GET/williebothatest/Success','2020-05-05 16:07:49'),(12,2,2,'2020-05-05 16:08:25/127.0.0.1/USER-FASTLINK/hubMockTesterTwoID/Success','2020-05-05 16:08:25'),(13,2,2,'2020-05-05 16:08:58/0:0:0:0:0:0:0:1/USER-STATEMENT/hubMockTesterTwoID/Success','2020-05-05 16:08:58'),(14,2,2,'2020-05-05 16:10:50/127.0.0.1/USER-TRANSACTIONS/hubMockTesterTwoID/Success','2020-05-05 16:10:50'),(15,2,2,'2020-05-05 16:12:15/0:0:0:0:0:0:0:1/USER-CATEGORY-LIST/userLevel/hubMockTesterTwoID/Success','2020-05-05 16:12:15'),(16,2,2,'2020-05-05 16:14:23/127.0.0.1/USER-RULE-CREATE/hubtester1/Invalid value for categoryId','2020-05-05 16:14:23'),(17,2,2,'2020-05-05 16:17:10/0:0:0:0:0:0:0:1/USER-RULE-CREATE/hubtester1/Invalid value for categoryId','2020-05-05 16:17:10'),(18,2,2,'2020-05-05 16:23:41/127.0.0.1/USER-RULE-CREATE/hubtester1/Transaction categorization rule created successfully...','2020-05-05 16:23:41'),(19,2,2,'2020-05-05 16:28:26/0:0:0:0:0:0:0:1/USER-RULE-LIST/hubtester1/Success','2020-05-05 16:28:26'),(20,2,2,'2020-05-05 16:29:36/127.0.0.1/AUTH/Success','2020-05-05 16:29:36'),(21,1,1,'2020-05-05 16:30:02/127.0.0.1/AUTH/Success','2020-05-05 16:30:02'),(22,1,1,'2020-05-06 07:35:51/127.0.0.1/AUTH/Success','2020-05-06 07:35:51'),(23,1,1,'2020-05-06 07:45:30/0:0:0:0:0:0:0:1/COMPANY-LIST/Success','2020-05-06 07:45:30'),(24,2,2,'2020-05-06 08:28:49/127.0.0.1/AUTH/Success','2020-05-06 08:28:49'),(25,2,2,'2020-05-06 08:29:06/0:0:0:0:0:0:0:1/USER-LIST/Success','2020-05-06 08:29:06'),(26,2,2,'2020-05-06 08:36:36/127.0.0.1/USER-TRANSACTIONS/hubMockTesterTwoID/Success','2020-05-06 08:36:36'),(27,2,2,'2020-05-06 09:14:47/0:0:0:0:0:0:0:1/AUTH/Success','2020-05-06 09:14:47'),(28,2,2,'2020-05-06 09:15:01/127.0.0.1/USER-CATEGORY-LIST/userLevel/hubMockTesterTwoID/Success','2020-05-06 09:15:01'),(29,1,1,'2020-05-06 09:30:18/127.0.0.1/AUTH/Success','2020-05-06 09:30:18'),(30,1,1,'2020-05-06 11:29:21/0:0:0:0:0:0:0:1/AUTH/Success','2020-05-06 11:29:21'),(31,1,1,'2020-05-06 11:30:22/127.0.0.1/AUTH/Success','2020-05-06 11:30:22'),(32,1,1,'2020-05-06 11:33:56/0:0:0:0:0:0:0:1/AUTH/Success','2020-05-06 11:33:56'),(33,1,1,'2020-05-06 11:35:29/0:0:0:0:0:0:0:1/COMPANY-LIST/Success','2020-05-06 11:35:29'),(34,1,1,'2020-05-06 12:13:05/127.0.0.1/AUTH/Success','2020-05-06 12:13:05'),(35,1,1,'2020-05-06 12:17:10/127.0.0.1/AUTH/Success','2020-05-06 12:17:10'),(36,1,1,'2020-05-06 12:19:16/127.0.0.1/COMPANY-CREATE/Login name already exist...','2020-05-06 12:19:16'),(37,1,1,'2020-05-06 12:20:01/127.0.0.1/COMPANY-LIST/Success','2020-05-06 12:20:01'),(38,2,2,'2020-05-06 12:23:28/0:0:0:0:0:0:0:1/AUTH/Invalid password','2020-05-06 12:23:28'),(39,2,2,'2020-05-06 12:23:52/127.0.0.1/AUTH/Invalid password','2020-05-06 12:23:52'),(40,2,2,'2020-05-06 12:24:56/0:0:0:0:0:0:0:1/AUTH/Success','2020-05-06 12:24:56'),(41,2,2,'2020-05-06 12:25:22/127.0.0.1/USER-LIST/Success','2020-05-06 12:25:22'),(42,2,2,'2020-05-06 12:26:08/127.0.0.1/USER-ACCOUNT-GET/hubtester1/Success','2020-05-06 12:26:08'),(43,2,2,'2020-05-06 12:26:30/127.0.0.1/USER-STATEMENT/hubtester1/Success','2020-05-06 12:26:30'),(44,2,2,'2020-05-06 12:26:45/127.0.0.1/USER-FASTLINK/hubtester1/Success','2020-05-06 12:26:45'),(45,2,2,'2020-05-06 12:27:11/127.0.0.1/USER-TRANSACTIONS/hubMockTesterTwoID/Success','2020-05-06 12:27:11'),(46,2,2,'2020-05-06 12:27:32/127.0.0.1/USER-CATEGORY-LIST/userLevel/hubMockTesterTwoID/Success','2020-05-06 12:27:32'),(47,2,2,'2020-05-06 12:28:11/127.0.0.1/USER-RULE-CREATE/hubtester1/Rule already exists. Rule should be unique in terms of combination of description and amount','2020-05-06 12:28:11'),(48,2,2,'2020-05-06 12:28:35/127.0.0.1/USER-CATEGORY-CREATE/hubMockTesterTwoID/categoryName value already exists','2020-05-06 12:28:35'),(49,2,2,'2020-05-06 12:29:17/127.0.0.1/USER-RULE-LIST/hubtester1/Success','2020-05-06 12:29:17'),(50,2,2,'2020-05-06 12:29:38/127.0.0.1/USER-RULE-RUN/hubtester1/Success','2020-05-06 12:29:38'),(51,2,2,'2020-05-06 14:36:48/0:0:0:0:0:0:0:1/AUTH/Success','2020-05-06 14:36:48'),(52,2,2,'2020-05-06 14:37:10/127.0.0.1/USER-ACCOUNT-GET/hubMockTesterTwoID/Success','2020-05-06 14:37:10'),(53,2,2,'2020-05-06 14:49:15/127.0.0.1/USER-ACCOUNT-GET/hubMockTesterOneID/Success','2020-05-06 14:49:15'),(54,2,2,'2020-05-06 14:49:39/0:0:0:0:0:0:0:1/USER-ACCOUNT-GET/hubMockTesterTwoID/Success','2020-05-06 14:49:39'),(55,2,2,'2020-05-06 14:50:55/0:0:0:0:0:0:0:1/USER-TRANSACTIONS/hubMockTesterOneID/Success','2020-05-06 14:50:55'),(56,2,2,'2020-05-06 15:17:30/127.0.0.1/USER-ACCOUNT-GET/hubMockTesterOneID/Success','2020-05-06 15:17:30'),(57,2,2,'2020-05-06 15:21:34/127.0.0.1/AUTH/Success','2020-05-06 15:21:34'),(58,2,2,'2020-05-06 15:21:44/0:0:0:0:0:0:0:1/USER-CATEGORY-CREATE/hubMockTesterOneID/Success','2020-05-06 15:21:44'),(59,2,2,'2020-05-06 15:22:46/0:0:0:0:0:0:0:1/USER-CATEGORY-LIST/userLevel/hubMockTesterOneID/Success','2020-05-06 15:22:46'),(60,2,2,'2020-05-06 15:26:04/127.0.0.1/USER-RULE-CREATE/hubMockTesterOneID/Transaction categorization rule created successfully...','2020-05-06 15:26:04'),(61,2,2,'2020-05-06 15:26:48/0:0:0:0:0:0:0:1/USER-RULE-LIST/hubMockTesterOneID/Success','2020-05-06 15:26:48'),(62,2,2,'2020-05-06 15:28:57/127.0.0.1/USER-RULE-RUN/hubMockTesterOneID/Success','2020-05-06 15:28:57'),(63,2,2,'2020-05-06 15:29:08/0:0:0:0:0:0:0:1/USER-RULE-RUN/hubMockTesterOneID/Success','2020-05-06 15:29:08'),(64,2,2,'2020-05-06 15:29:12/127.0.0.1/USER-RULE-RUN/hubMockTesterOneID/Success','2020-05-06 15:29:12'),(65,2,2,'2020-05-06 15:40:03/127.0.0.1/USER-CATEGORY-CREATE/hubMockTesterOneID/Success','2020-05-06 15:40:03'),(66,2,2,'2020-05-06 15:40:26/0:0:0:0:0:0:0:1/USER-CATEGORY-LIST/userLevel/hubMockTesterOneID/Success','2020-05-06 15:40:26'),(67,2,2,'2020-05-06 15:42:04/0:0:0:0:0:0:0:1/AUTH/Success','2020-05-06 15:42:04'),(68,2,2,'2020-05-06 15:42:18/127.0.0.1/USER-RULE-CREATE/hubMockTesterOneID/Transaction categorization rule created successfully...','2020-05-06 15:42:18'),(69,2,2,'2020-05-06 15:42:47/127.0.0.1/USER-RULE-LIST/hubMockTesterOneID/Success','2020-05-06 15:42:47'),(70,2,2,'2020-05-06 15:44:31/127.0.0.1/USER-RULE-RUN/hubMockTesterOneID/Success','2020-05-06 15:44:31'),(71,2,2,'2020-05-06 17:02:52/0:0:0:0:0:0:0:1/AUTH/Success','2020-05-06 17:02:52'),(72,2,2,'2020-05-06 17:03:06/127.0.0.1/USER-TRANSACTIONS/hubMockTesterOneID/Success','2020-05-06 17:03:06'),(73,2,2,'2020-05-06 17:06:33/127.0.0.1/USER-TRANSACTIONS/hubMockTesterOneID/Success','2020-05-06 17:06:33'),(74,1,1,'2020-05-06 17:09:14/0:0:0:0:0:0:0:1/AUTH/Success','2020-05-06 17:09:14'),(75,1,1,'2020-05-06 17:09:40/0:0:0:0:0:0:0:1/COMPANY-LIST/Success','2020-05-06 17:09:40'),(76,2,2,'2020-05-06 17:10:21/0:0:0:0:0:0:0:1/AUTH/Success','2020-05-06 17:10:21'),(77,2,2,'2020-05-06 17:10:39/127.0.0.1/USER-TRANSACTIONS/hubMockTesterTwoID/Success','2020-05-06 17:10:39'),(78,2,2,'2020-05-06 17:11:08/0:0:0:0:0:0:0:1/USER-TRANSACTIONS/hubMockTesterOneID/Success','2020-05-06 17:11:08'),(79,2,2,'2020-05-06 17:29:18/127.0.0.1/AUTH/Success','2020-05-06 17:29:18'),(80,2,2,'2020-05-06 17:31:17/0:0:0:0:0:0:0:1/USER-CREATE/Success','2020-05-06 17:31:17'),(81,2,2,'2020-05-06 17:33:01/0:0:0:0:0:0:0:1/USER-FASTLINK/warden/Success','2020-05-06 17:33:01'),(82,2,2,'2020-05-06 17:40:05/0:0:0:0:0:0:0:1/USER-ACCOUNT-GET/warden/Success','2020-05-06 17:40:05'),(83,2,2,'2020-05-06 17:41:36/127.0.0.1/USER-RULE-RUN/hubMockTesterOneID/Success','2020-05-06 17:41:36'),(84,2,2,'2020-05-06 17:42:48/127.0.0.1/USER-CATEGORY-LIST/userLevel/warden/Success','2020-05-06 17:42:48'),(85,2,2,'2020-05-06 17:44:55/0:0:0:0:0:0:0:1/USER-CATEGORY-CREATE/warden/Success','2020-05-06 17:44:55'),(86,2,2,'2020-05-06 17:45:05/127.0.0.1/USER-CATEGORY-LIST/userLevel/warden/Success','2020-05-06 17:45:05'),(87,2,2,'2020-05-06 17:49:14/127.0.0.1/USER-RULE-CREATE/warden/Transaction categorization rule created successfully...','2020-05-06 17:49:14'),(88,2,2,'2020-05-06 17:49:25/0:0:0:0:0:0:0:1/USER-RULE-LIST/warden/Success','2020-05-06 17:49:25'),(89,2,2,'2020-05-06 17:55:27/127.0.0.1/USER-RULE-RUN/warden/Success','2020-05-06 17:55:27'),(90,2,2,'2020-05-06 17:56:29/0:0:0:0:0:0:0:1/USER-TRANSACTIONS/warden/Success','2020-05-06 17:56:29'),(91,2,2,'2020-05-06 17:56:41/127.0.0.1/USER-TRANSACTIONS/warden/Success','2020-05-06 17:56:41'),(92,2,2,'2020-05-06 17:56:53/0:0:0:0:0:0:0:1/USER-TRANSACTIONS/warden/Success','2020-05-06 17:56:53'),(93,2,2,'2020-05-06 17:57:03/127.0.0.1/USER-TRANSACTIONS/warden/Success','2020-05-06 17:57:03'),(94,2,2,'2020-05-06 17:57:39/127.0.0.1/USER-TRANSACTIONS/warden/Success','2020-05-06 17:57:39'),(95,2,2,'2020-05-06 17:58:09/0:0:0:0:0:0:0:1/USER-TRANSACTIONS/warden/Success','2020-05-06 17:58:09'),(96,2,2,'2020-05-06 17:58:50/127.0.0.1/USER-TRANSACTIONS/warden/Success','2020-05-06 17:58:50'),(97,2,2,'2020-05-06 17:59:08/127.0.0.1/USER-TRANSACTIONS/warden/Success','2020-05-06 17:59:08'),(98,2,2,'2020-05-06 18:01:54/0:0:0:0:0:0:0:1/USER-TRANSACTIONS/warden/Success','2020-05-06 18:01:54'),(99,2,2,'2020-05-06 18:04:00/0:0:0:0:0:0:0:1/AUTH/Success','2020-05-06 18:04:00'),(100,2,2,'2020-05-06 18:04:35/0:0:0:0:0:0:0:1/USER-TRANSACTIONS/warden/Success','2020-05-06 18:04:35'),(101,2,2,'2020-05-09 11:54:53/127.0.0.1/AUTH/Success','2020-05-09 11:54:53'),(102,2,2,'2020-05-09 11:56:15/0:0:0:0:0:0:0:1/USER-LIST/Success','2020-05-09 11:56:15'),(103,2,2,'2020-05-09 11:56:47/127.0.0.1/USER-ACCOUNT-GET/williebothatest/Success','2020-05-09 11:56:47'),(104,2,2,'2020-05-09 11:57:10/0:0:0:0:0:0:0:1/USER-ACCOUNT-GET/hubMockTesterTwoID/Success','2020-05-09 11:57:10'),(105,2,2,'2020-05-09 11:57:26/127.0.0.1/USER-ACCOUNT-GET/hubMockTesterOneID/Success','2020-05-09 11:57:26'),(106,2,2,'2020-05-09 11:57:49/0:0:0:0:0:0:0:1/USER-ACCOUNT-GET/hubtester/Success','2020-05-09 11:57:49'),(107,2,2,'2020-05-09 11:58:04/127.0.0.1/USER-ACCOUNT-GET/hubtester1/Success','2020-05-09 11:58:04'),(108,2,2,'2020-05-09 11:58:26/0:0:0:0:0:0:0:1/USER-ACCOUNT-GET/warden/Success','2020-05-09 11:58:26'),(109,2,2,'2020-05-09 12:00:18/127.0.0.1/USER-STATEMENT/warden/Success','2020-05-09 12:00:18'),(110,2,2,'2020-05-09 12:04:55/0:0:0:0:0:0:0:1/USER-STATEMENT/warden/Success','2020-05-09 12:04:55'),(111,2,2,'2020-05-09 12:05:56/127.0.0.1/USER-STATEMENT/warden/Success','2020-05-09 12:05:56'),(112,2,2,'2020-05-09 12:06:05/0:0:0:0:0:0:0:1/USER-STATEMENT/warden/Success','2020-05-09 12:06:05'),(113,2,2,'2020-05-09 12:37:46/127.0.0.1/USER-ACCOUNT-GET/hubtester1/Success','2020-05-09 12:37:46'),(114,2,2,'2020-05-12 09:09:54/0:0:0:0:0:0:0:1/AUTH/Success','2020-05-12 09:09:54'),(115,1,1,'2020-05-12 09:11:08/127.0.0.1/AUTH/Success','2020-05-12 09:11:08'),(116,2,2,'2020-05-12 09:11:56/127.0.0.1/AUTH/Success','2020-05-12 09:11:56'),(117,2,2,'2020-05-12 09:12:12/0:0:0:0:0:0:0:1/USER-LIST/Success','2020-05-12 09:12:12'),(118,2,2,'2020-05-12 09:12:48/127.0.0.1/USER-ACCOUNT-GET/warden/Success','2020-05-12 09:12:48'),(119,2,2,'2020-05-12 09:13:40/0:0:0:0:0:0:0:1/USER-ACCOUNT-GET/warden/Success','2020-05-12 09:13:40'),(120,2,2,'2020-05-12 09:14:37/127.0.0.1/USER-STATEMENT/warden/Success','2020-05-12 09:14:37'),(121,2,2,'2020-05-12 09:15:22/127.0.0.1/USER-TRANSACTIONS/warden/Success','2020-05-12 09:15:22'),(122,2,2,'2020-05-12 09:21:48/0:0:0:0:0:0:0:1/USER-TRANSACTIONS/warden/Success','2020-05-12 09:21:48'),(123,2,2,'2020-05-12 09:22:19/127.0.0.1/USER-TRANSACTIONS/warden/Success','2020-05-12 09:22:19'),(124,2,2,'2020-05-12 09:22:26/0:0:0:0:0:0:0:1/USER-TRANSACTIONS/warden/Success','2020-05-12 09:22:26'),(125,2,2,'2020-05-12 09:23:23/127.0.0.1/USER-CATEGORY-LIST/userLevel/warden/Success','2020-05-12 09:23:23'),(126,2,2,'2020-05-12 09:26:39/0:0:0:0:0:0:0:1/USER-RULE-LIST/warden/Success','2020-05-12 09:26:39'),(127,2,2,'2020-05-12 09:30:20/127.0.0.1/USER-RULE-RUN/warden/Success','2020-05-12 09:30:20'),(128,2,2,'2020-05-12 09:35:04/0:0:0:0:0:0:0:1/AUTH/Success','2020-05-12 09:35:04'),(129,2,2,'2020-05-12 09:35:34/127.0.0.1/USER-LIST/Success','2020-05-12 09:35:34'),(130,2,2,'2020-05-12 09:38:48/0:0:0:0:0:0:0:1/AUTH/Success','2020-05-12 09:38:48'),(131,2,2,'2020-05-12 09:39:06/127.0.0.1/USER-LIST/Success','2020-05-12 09:39:06'),(132,2,2,'2020-05-12 09:39:41/0:0:0:0:0:0:0:1/USER-ACCOUNT-GET/warden/Success','2020-05-12 09:39:41'),(133,2,2,'2020-05-12 09:40:32/127.0.0.1/USER-STATEMENT/warden/Success','2020-05-12 09:40:32'),(134,2,2,'2020-05-12 09:41:15/0:0:0:0:0:0:0:1/USER-TRANSACTIONS/warden/Success','2020-05-12 09:41:15'),(135,2,2,'2020-05-12 09:41:55/127.0.0.1/USER-CATEGORY-LIST/userLevel/warden/Success','2020-05-12 09:41:55'),(136,2,2,'2020-05-12 09:42:54/0:0:0:0:0:0:0:1/USER-CATEGORY-CREATE/warden/Success','2020-05-12 09:42:54'),(137,2,2,'2020-05-12 09:43:09/127.0.0.1/USER-CATEGORY-LIST/userLevel/warden/Success','2020-05-12 09:43:09'),(138,2,2,'2020-05-12 09:43:53/0:0:0:0:0:0:0:1/USER-RULE-LIST/warden/Success','2020-05-12 09:43:53'),(139,2,2,'2020-05-12 09:45:21/127.0.0.1/USER-RULE-CREATE/warden/Transaction categorization rule created successfully...','2020-05-12 09:45:21'),(140,2,2,'2020-05-12 09:45:34/0:0:0:0:0:0:0:1/USER-RULE-LIST/warden/Success','2020-05-12 09:45:34'),(141,2,2,'2020-05-12 09:46:48/127.0.0.1/USER-RULE-RUN/warden/Success','2020-05-12 09:46:48'),(142,2,2,'2020-05-12 09:47:12/0:0:0:0:0:0:0:1/USER-TRANSACTIONS/warden/Success','2020-05-12 09:47:12'),(143,2,2,'2020-05-12 09:47:21/127.0.0.1/USER-TRANSACTIONS/warden/Success','2020-05-12 09:47:21'),(144,2,2,'2020-05-12 10:10:38/0:0:0:0:0:0:0:1/USER-RULE-RUN/warden/Success','2020-05-12 10:10:38'),(145,2,2,'2020-05-12 10:27:31/127.0.0.1/USER-TRANSACTIONS/warden/Success','2020-05-12 10:27:31'),(146,2,2,'2020-05-13 08:12:56/0:0:0:0:0:0:0:1/AUTH/Success','2020-05-13 08:12:56'),(147,2,2,'2020-05-13 08:14:24/127.0.0.1/USER-FASTLINK/williebothatest/Success','2020-05-13 08:14:24'),(148,2,2,'2020-05-13 08:16:01/0:0:0:0:0:0:0:1/USER-FASTLINK/williebothatest/Success','2020-05-13 08:16:01'),(149,2,2,'2020-05-13 09:16:13/127.0.0.1/AUTH/Success','2020-05-13 09:16:13'),(150,2,2,'2020-05-13 09:16:21/0:0:0:0:0:0:0:1/USER-ACCOUNT-GET/williebothatest/Success','2020-05-13 09:16:21'),(151,2,2,'2020-05-13 09:21:11/127.0.0.1/USER-STATEMENT/williebothatest/Success','2020-05-13 09:21:11'),(152,2,2,'2020-05-13 09:24:34/0:0:0:0:0:0:0:1/USER-TRANSACTIONS/williebothatest/Success','2020-05-13 09:24:34'),(153,2,2,'2020-05-13 09:25:36/127.0.0.1/USER-TRANSACTIONS/williebothatest/Success','2020-05-13 09:25:36'),(154,2,2,'2020-05-13 09:29:04/0:0:0:0:0:0:0:1/USER-CATEGORY-LIST/userLevel/williebothatest/Success','2020-05-13 09:29:04'),(155,2,2,'2020-05-13 09:45:36/127.0.0.1/USER-TRANSACTIONS/williebothatest/Success','2020-05-13 09:45:36'),(156,2,2,'2020-05-13 09:46:10/0:0:0:0:0:0:0:1/USER-CATEGORY-LIST/userLevel/williebothatest/Success','2020-05-13 09:46:10'),(157,2,2,'2020-05-13 09:46:56/127.0.0.1/USER-CATEGORY-CREATE/williebothatest/Success','2020-05-13 09:46:56'),(158,2,2,'2020-05-13 09:47:07/0:0:0:0:0:0:0:1/USER-CATEGORY-LIST/userLevel/williebothatest/Success','2020-05-13 09:47:07'),(159,2,2,'2020-05-13 09:47:59/127.0.0.1/USER-RULE-CREATE/williebothatest/Transaction categorization rule created successfully...','2020-05-13 09:47:59'),(160,2,2,'2020-05-13 09:48:13/0:0:0:0:0:0:0:1/USER-RULE-LIST/williebothatest/Success','2020-05-13 09:48:13'),(161,2,2,'2020-05-13 09:48:50/127.0.0.1/USER-RULE-RUN/williebothatest/Success','2020-05-13 09:48:50'),(162,2,2,'2020-05-13 09:49:18/0:0:0:0:0:0:0:1/USER-TRANSACTIONS/williebothatest/Success','2020-05-13 09:49:18'),(163,2,2,'2020-05-13 09:49:28/127.0.0.1/USER-TRANSACTIONS/williebothatest/Success','2020-05-13 09:49:28'),(164,2,2,'2020-05-13 09:52:02/0:0:0:0:0:0:0:1/USER-TRANSACTIONS/williebothatest/Success','2020-05-13 09:52:02'),(165,2,2,'2020-05-13 09:52:08/127.0.0.1/USER-TRANSACTIONS/williebothatest/Success','2020-05-13 09:52:08'),(166,2,2,'2020-05-13 09:53:52/0:0:0:0:0:0:0:1/USER-TRANSACTIONS/williebothatest/Success','2020-05-13 09:53:52'),(167,2,2,'2020-05-13 09:54:03/127.0.0.1/USER-TRANSACTIONS/williebothatest/Success','2020-05-13 09:54:03'),(168,2,2,'2020-05-13 09:57:37/0:0:0:0:0:0:0:1/USER-RULE-RUN/williebothatest/Success','2020-05-13 09:57:37'),(169,2,2,'2020-05-13 09:57:48/127.0.0.1/USER-TRANSACTIONS/williebothatest/Success','2020-05-13 09:57:48'),(170,2,2,'2020-05-13 09:57:54/0:0:0:0:0:0:0:1/USER-TRANSACTIONS/williebothatest/Success','2020-05-13 09:57:54'),(171,2,2,'2020-05-13 10:00:59/127.0.0.1/USER-TRANSACTIONS/williebothatest/Success','2020-05-13 10:00:59'),(172,2,2,'2020-05-13 10:01:14/0:0:0:0:0:0:0:1/USER-TRANSACTIONS/williebothatest/Success','2020-05-13 10:01:14'),(173,2,2,'2020-05-13 10:05:45/127.0.0.1/USER-TRANSACTIONS/williebothatest/Success','2020-05-13 10:05:45'),(174,2,2,'2020-05-13 10:05:54/0:0:0:0:0:0:0:1/USER-TRANSACTIONS/williebothatest/Success','2020-05-13 10:05:54'),(175,2,2,'2020-05-13 10:10:49/127.0.0.1/USER-TRANSACTIONS/williebothatest/Success','2020-05-13 10:10:49'),(176,2,2,'2020-05-13 10:10:56/0:0:0:0:0:0:0:1/USER-TRANSACTIONS/williebothatest/Success','2020-05-13 10:10:56'),(177,2,2,'2020-05-13 10:11:06/127.0.0.1/USER-TRANSACTIONS/williebothatest/Success','2020-05-13 10:11:06'),(178,2,2,'2020-05-13 10:13:03/0:0:0:0:0:0:0:1/USER-TRANSACTIONS/williebothatest/Success','2020-05-13 10:13:03'),(179,2,2,'2020-05-13 10:13:45/127.0.0.1/USER-TRANSACTIONS/williebothatest/Success','2020-05-13 10:13:45'),(180,2,2,'2020-05-13 10:17:08/127.0.0.1/AUTH/Success','2020-05-13 10:17:08'),(181,2,2,'2020-05-13 10:17:29/0:0:0:0:0:0:0:1/USER-TRANSACTIONS/williebothatest/Success','2020-05-13 10:17:29'),(182,2,2,'2020-05-13 11:00:15/0:0:0:0:0:0:0:1/AUTH/Success','2020-05-13 11:00:15'),(183,2,2,'2020-05-13 11:00:25/127.0.0.1/USER-ACCOUNT-GET/warden/Success','2020-05-13 11:00:25'),(184,2,2,'2020-05-13 11:02:02/0:0:0:0:0:0:0:1/USER-ACCOUNT-GET/williebothatest/Success','2020-05-13 11:02:02'),(185,2,2,'2020-05-13 11:39:19/0:0:0:0:0:0:0:1/AUTH/Success','2020-05-13 11:39:19'),(186,2,2,'2020-05-13 11:39:31/127.0.0.1/USER-TRANSACTIONS/williebothatest/Success','2020-05-13 11:39:31'),(187,2,2,'2020-05-13 11:39:52/0:0:0:0:0:0:0:1/USER-TRANSACTIONS/williebothatest/Success','2020-05-13 11:39:52'),(188,2,2,'2020-05-13 11:40:44/127.0.0.1/USER-TRANSACTIONS/williebothatest/Success','2020-05-13 11:40:44'),(189,2,2,'2020-05-13 11:42:51/0:0:0:0:0:0:0:1/USER-TRANSACTIONS/williebothatest/Success','2020-05-13 11:42:51'),(190,2,2,'2020-05-13 11:43:05/127.0.0.1/USER-TRANSACTIONS/williebothatest/Success','2020-05-13 11:43:05'),(191,2,2,'2020-05-13 12:02:47/0:0:0:0:0:0:0:1/USER-TRANSACTIONS/williebothatest/Success','2020-05-13 12:02:47'),(192,2,2,'2020-05-13 12:29:48/127.0.0.1/AUTH/Success','2020-05-13 12:29:48'),(193,2,2,'2020-05-13 12:40:29/0:0:0:0:0:0:0:1/USER-ACCOUNT-GET/williebothatest/Success','2020-05-13 12:40:29'),(194,2,2,'2020-05-13 12:55:33/0:0:0:0:0:0:0:1/USER-TRANSACTIONS/williebothatest/Success','2020-05-13 12:55:33'),(195,2,2,'2020-05-13 12:56:01/127.0.0.1/USER-TRANSACTIONS/williebothatest/Success','2020-05-13 12:56:01'),(196,2,2,'2020-05-13 13:17:08/127.0.0.1/USER-CATEGORY-LIST/userLevel/williebothatest/Success','2020-05-13 13:17:08'),(197,2,2,'2020-05-13 13:35:16/0:0:0:0:0:0:0:1/AUTH/Success','2020-05-13 13:35:16'),(198,2,2,'2020-05-13 13:38:07/127.0.0.1/AUTH/Success','2020-05-13 13:38:07'),(199,2,2,'2020-05-13 13:38:24/0:0:0:0:0:0:0:1/USER-ACCOUNT-GET/williebothatest/Success','2020-05-13 13:38:24'),(200,2,2,'2020-05-13 13:39:24/127.0.0.1/USER-CATEGORY-LIST/userLevel/williebothatest/Success','2020-05-13 13:39:24'),(201,2,2,'2020-05-13 13:40:12/0:0:0:0:0:0:0:1/USER-CATEGORY-CREATE/williebothatest/Success','2020-05-13 13:40:12'),(202,2,2,'2020-05-13 13:40:25/127.0.0.1/USER-CATEGORY-LIST/userLevel/williebothatest/Success','2020-05-13 13:40:25'),(203,2,2,'2020-05-13 13:41:02/0:0:0:0:0:0:0:1/USER-RULE-LIST/williebothatest/Success','2020-05-13 13:41:02'),(204,2,2,'2020-05-13 13:41:54/127.0.0.1/USER-RULE-CREATE/williebothatest/Transaction categorization rule created successfully...','2020-05-13 13:41:54'),(205,2,2,'2020-05-13 13:42:03/0:0:0:0:0:0:0:1/USER-RULE-LIST/williebothatest/Success','2020-05-13 13:42:03'),(206,2,2,'2020-05-13 13:43:01/127.0.0.1/USER-RULE-RUN/williebothatest/Success','2020-05-13 13:43:01'),(207,2,2,'2020-05-13 13:43:29/0:0:0:0:0:0:0:1/USER-TRANSACTIONS/williebothatest/Success','2020-05-13 13:43:29'),(208,2,2,'2020-05-13 13:44:22/127.0.0.1/USER-TRANSACTIONS/williebothatest/Success','2020-05-13 13:44:22'),(209,2,2,'2020-05-14 15:12:51/0:0:0:0:0:0:0:1/AUTH/Success','2020-05-14 15:12:51'),(210,1,1,'2020-05-14 15:46:02/127.0.0.1/AUTH/Success','2020-05-14 15:46:02'),(211,1,1,'2020-05-14 15:46:12/0:0:0:0:0:0:0:1/COMPANY-LIST/Success','2020-05-14 15:46:12'),(212,2,2,'2020-05-14 16:08:12/127.0.0.1/AUTH/Success','2020-05-14 16:08:12'),(213,2,2,'2020-05-14 16:09:00/0:0:0:0:0:0:0:1/USER-LIST/Success','2020-05-14 16:09:00'),(214,2,2,'2020-05-14 16:29:14/0:0:0:0:0:0:0:1/AUTH/Success','2020-05-14 16:29:14'),(215,2,2,'2020-05-14 16:29:24/127.0.0.1/USER-LIST/Success','2020-05-14 16:29:24'),(216,2,2,'2020-05-14 16:33:33/0:0:0:0:0:0:0:1/USER-ACCOUNT-GET/hubtester1/Success','2020-05-14 16:33:33'),(217,2,2,'2020-05-14 16:34:43/0:0:0:0:0:0:0:1/USER-ACCOUNT-GET/williebothatest/Success','2020-05-14 16:34:43'),(218,2,2,'2020-05-14 17:08:18/127.0.0.1/USER-FASTLINK/williebothatest/Success','2020-05-14 17:08:18'),(219,1,1,'2020-05-14 17:22:50/0:0:0:0:0:0:0:1/AUTH/Success','2020-05-14 17:22:50'),(220,2,2,'2020-05-14 17:23:04/127.0.0.1/AUTH/Success','2020-05-14 17:23:04'),(221,2,2,'2020-05-14 17:23:14/0:0:0:0:0:0:0:1/USER-FASTLINK/warden/Success','2020-05-14 17:23:14'),(222,2,2,'2020-05-15 09:53:03/127.0.0.1/AUTH/Success','2020-05-15 09:53:03'),(223,2,2,'2020-05-15 09:58:33/127.0.0.1/USER-ACCOUNT-GET/williebothatest/Success','2020-05-15 09:58:33'),(224,2,2,'2020-05-15 09:59:01/0:0:0:0:0:0:0:1/USER-ACCOUNT-GET/williebothatest/Success','2020-05-15 09:59:01'),(225,2,2,'2020-05-15 09:59:58/127.0.0.1/USER-ACCOUNT-GET/warden/Success','2020-05-15 09:59:58'),(226,2,2,'2020-05-15 10:00:45/0:0:0:0:0:0:0:1/USER-ACCOUNT-GET/hubMockTesterTwoID/Success','2020-05-15 10:00:45'),(227,2,2,'2020-05-15 10:00:58/127.0.0.1/USER-ACCOUNT-GET/hubMockTesterOneID/Success','2020-05-15 10:00:58'),(228,2,2,'2020-05-15 10:01:26/0:0:0:0:0:0:0:1/USER-ACCOUNT-GET/williebothatest/Success','2020-05-15 10:01:26'),(229,2,2,'2020-05-15 15:44:44/127.0.0.1/AUTH/Success','2020-05-15 15:44:44'),(230,2,2,'2020-05-15 15:45:07/0:0:0:0:0:0:0:1/USER-ACCOUNT-GET/williebothatest/Success','2020-05-15 15:45:07'),(231,2,2,'2020-05-15 15:46:33/127.0.0.1/USER-FASTLINK/williebothatest/Success','2020-05-15 15:46:33'),(232,2,2,'2020-05-15 15:48:55/0:0:0:0:0:0:0:1/USER-FASTLINK/williebothatest/Success','2020-05-15 15:48:55'),(233,2,2,'2020-05-15 15:52:37/127.0.0.1/USER-ACCOUNT-GET/williebothatest/Success','2020-05-15 15:52:37'),(234,2,2,'2020-05-15 15:55:01/0:0:0:0:0:0:0:1/USER-ACCOUNT-GET/williebothatest/Success','2020-05-15 15:55:01'),(235,2,2,'2020-05-15 16:07:02/127.0.0.1/USER-ACCOUNT-GET/williebothatest/Success','2020-05-15 16:07:02'),(236,2,2,'2020-05-15 16:09:31/0:0:0:0:0:0:0:1/USER-ACCOUNT-GET/williebothatest/Success','2020-05-15 16:09:31'),(237,2,2,'2020-05-16 08:17:52/127.0.0.1/AUTH/Success','2020-05-16 08:17:52'),(238,2,2,'2020-05-16 08:18:35/0:0:0:0:0:0:0:1/USER-ACCOUNT-GET/williebothatest/Success','2020-05-16 08:18:35'),(239,2,2,'2020-05-16 08:25:59/127.0.0.1/USER-ACCOUNT-GET/williebothatest/Success','2020-05-16 08:25:59'),(240,1,1,'2020-05-17 10:35:37/0:0:0:0:0:0:0:1/AUTH/Success','2020-05-17 10:35:37'),(241,1,1,'2020-05-17 10:38:31/0:0:0:0:0:0:0:1/AUTH/Success','2020-05-17 10:38:31'),(242,1,1,'2020-05-17 10:40:37/0:0:0:0:0:0:0:1/AUTH/Invalid password','2020-05-17 10:40:37'),(243,1,1,'2020-05-17 10:55:00/127.0.0.1/AUTH/Success','2020-05-17 10:55:00'),(244,1,1,'2020-05-17 10:58:10/0:0:0:0:0:0:0:1/AUTH/Success','2020-05-17 10:58:10'),(245,2,2,'2020-05-17 14:09:27/127.0.0.1/AUTH/Success','2020-05-17 14:09:27'),(246,2,2,'2020-05-17 14:38:20/127.0.0.1/USER-LIST/Success','2020-05-17 14:38:20'),(247,2,2,'2020-05-17 14:38:39/127.0.0.1/USER-ACCOUNT-GET/williebothatest/Success','2020-05-17 14:38:39'),(248,2,2,'2020-05-17 14:39:18/0:0:0:0:0:0:0:1/USER-FASTLINK/williebothatest/Success','2020-05-17 14:39:18'),(249,2,2,'2020-05-17 14:44:13/127.0.0.1/USER-ACCOUNT-GET/williebothatest/Success','2020-05-17 14:44:13'),(250,2,2,'2020-05-17 14:51:31/127.0.0.1/USER-TRANSACTIONS/hubMockTesterTwoID/Success','2020-05-17 14:51:31'),(251,2,2,'2020-05-17 14:52:52/0:0:0:0:0:0:0:1/USER-TRANSACTIONS/hubMockTesterTwoID/Success','2020-05-17 14:52:52'),(252,2,2,'2020-05-17 14:53:03/127.0.0.1/USER-TRANSACTIONS/hubMockTesterTwoID/Success','2020-05-17 14:53:03'),(253,2,2,'2020-05-17 14:53:15/0:0:0:0:0:0:0:1/USER-TRANSACTIONS/williebothatest/Success','2020-05-17 14:53:15'),(254,2,2,'2020-05-17 14:59:30/127.0.0.1/USER-ACCOUNT-GET/williebothatest/Success','2020-05-17 14:59:30'),(255,1,1,'2020-05-22 13:37:29/0:0:0:0:0:0:0:1/AUTH/Success','2020-05-22 13:37:29'),(256,2,2,'2020-05-22 14:21:11/0:0:0:0:0:0:0:1/AUTH/Success','2020-05-22 14:21:11'),(257,2,2,'2020-05-22 16:48:54/0:0:0:0:0:0:0:1/AUTH/Success','2020-05-22 16:48:54'),(258,2,2,'2020-05-22 16:49:42/127.0.0.1/USER-ACCOUNT-GET/williebothatest/Success','2020-05-22 16:49:42'),(259,2,2,'2020-05-22 16:50:55/0:0:0:0:0:0:0:1/USER-ACCOUNT-GET/williebothatest/Success','2020-05-22 16:50:55'),(260,2,2,'2020-05-23 08:43:18/127.0.0.1/AUTH/Success','2020-05-23 08:43:18'),(261,2,2,'2020-05-23 10:47:53/0:0:0:0:0:0:0:1/AUTH/hubino-india/Success','2020-05-23 10:47:53'),(262,2,2,'2020-05-23 10:48:23/127.0.0.1/USER-LIST/Success','2020-05-23 10:48:23'),(263,2,1,'2020-05-23 10:49:40/0:0:0:0:0:0:0:1/USER-STATUS/2/Requested company is inactivated successfully','2020-05-23 10:49:40'),(264,2,2,'2020-05-23 10:49:45/127.0.0.1/USER-LIST/Success','2020-05-23 10:49:45'),(265,2,2,'2020-05-23 10:51:19/127.0.0.1/USER-EDIT/1/Success','2020-05-23 10:51:19'),(266,2,2,'2020-05-23 10:51:26/0:0:0:0:0:0:0:1/USER-LIST/Success','2020-05-23 10:51:26'),(267,2,2,'2020-05-23 12:56:54/0:0:0:0:0:0:0:1/AUTH/hubino-india/Success','2020-05-23 12:56:54'),(268,2,2,'2020-05-23 13:03:45/127.0.0.1/AUTH/hubino-india/Success','2020-05-23 13:03:45'),(269,2,2,'2020-05-23 14:01:38/127.0.0.1/AUTH/hubino-india/Success','2020-05-23 14:01:38');
/*!40000 ALTER TABLE `audit_log` ENABLE KEYS */;
UNLOCK TABLES;

--
-- Table structure for table `certification_info`
--

DROP TABLE IF EXISTS `certification_info`;
/*!40101 SET @saved_cs_client     = @@character_set_client */;
/*!50503 SET character_set_client = utf8mb4 */;
CREATE TABLE `certification_info` (
  `cid` int NOT NULL,
  `appversion` varchar(255) DEFAULT NULL,
  `issuerid` varchar(255) DEFAULT NULL,
  `privatekey` varchar(5045) DEFAULT NULL,
  `uid` int DEFAULT NULL,
  PRIMARY KEY (`cid`)
) ENGINE=InnoDB DEFAULT CHARSET=utf8mb4 COLLATE=utf8mb4_0900_ai_ci;
/*!40101 SET character_set_client = @saved_cs_client */;

--
-- Dumping data for table `certification_info`
--

LOCK TABLES `certification_info` WRITE;
/*!40000 ALTER TABLE `certification_info` DISABLE KEYS */;
INSERT INTO `certification_info` VALUES (1,'1.1','0098e598-c7a7d662-b159-4b99-8d45-087dab9bec03','-----BEGIN RSA PRIVATE KEY-----\nMIIEowIBAAKCAQEAkQ4PsErSw/9wxnm5i/sqEWSrtWd+3J5a4n3jIV4T6Rm4KmVj\nG2G6Toebva9b+GYbnFxy4buaOI9fnYUl7F5ZFGw3ufl+Z07MwiHGFtzDbrj72tZ1\nz2dApfQJCbhW5pXdqbo6rgbq4qbZReNuNmkQR6oxIPcH/GtK2rr3TVu6k3USnF4a\nqTH1MQTihzeqaQMWyUVTESa+cTmwuFdxjkqCKIJVYH/VL8ZJEFkC39EFPf1Zz9Nk\nDARbTwiSus0ZJYeFqAQG3UgVCi5voh0I9LVh0bIRBNW7mHwO+mLdY8cDpCMmDqhQ\nsD/kssSZ6jBogILKwcqIINEpiIoUGXifKwqLkwIDAQABAoIBAEaGh6o3NvKEp9hY\nJpagr3t1bubsQwoRFC869curahLTpm82jFEr2uGDnX1EXXsQaixD5rdJ91m4m8yC\niEW8OaNsWkvZulOQRI2+zgkfnQWgexOTYgRNN2l4lUxcjCPgib2UBiPGyT0Z0lng\nkh1yR7AQV4KnmQJpSCPA86xxBO3cI6j+fxnW+KEvfxqZAmTgb8PH/QvGkEWpywOE\nZM+diw2wf+VJ/r0nu/RRnYYXZuKDfy3PjBgGqS6pB8TqMKGJRxX12TLOvveBpJLc\nBVLGiP6BBeuPUBYPB+8lbTfeTi6G7/9EA3fKJe7Lyvwn8Lg39XpO5d5zcX0H9XC3\n/s9R0wECgYEA/P87URn1ZxXScNVF9ifj8nVqvONlAI/Uc8LVXots3t3VRqgikz46\nDHobxEuHuFC0HL5Tr8kg4/M0Yxgs6Hz6cSie1BMmNveYd2eRcErkTmtaj3311ODD\nOspIisvV0U5bawXgUx78sn/2TIx/k9UbvbqHXRGBqLnxPf2RsFXWKSMCgYEAksbU\n86feYAVoTX4TJnwaBuu7updkk8/VEWdGv1wO2YMkwOc0SIGYoem/5aCmxyi4OYXX\n75a+LZg6VCivDpBOBenrqiO6wlIVMp3oJfIHWzd4cUsO+/LstqMLYE4xSumyJYyj\nNEwwIBDbFAjkFOCNDgncx5YUsZYnT2MStO2fktECgYBg1V/ivsjK1/Nf9IF+oe4B\nUyezfGWgPWzXke8Q7NSSyN1k2d3B9cNKG0KdcztTNLB7f+2QDq9kECYw94PYyF0j\nCqUgDuRFjabxrNZh4IhZ64UR/ugkvpJ64gm59iK0pgUfhXRC3E1kFM40pmH+N0cS\n6138JUM3TVQkofUtRO1feQKBgA2qga1mFehu2HVOpc3RhELctA/9hJnWogoKyaWL\nlr5d3ZAwdsfBeUqqDvn8aUrl2bFRaved23s3T0cCurnqablXPGAND5iEOAEMfs75\nqAGwOoCh8nU2+x9OMwL2hNRqyfGBFLkL1vdFWoCVC1d+SOPjuzDCIo8eYe6cVOOP\ntGnhAoGBANxRzLQgj/cHrnscwimtIcXL0PSa5slwmAeObojYyyHcwzrN51a65VTV\nNJpNL3SFTDn/3ZazeMchnX8NuLOrhHaYEDpV+5EAM/7/oV47ExFU/wWemtHXa5sv\npLN7sDBB92clAvc76OagbLvNZw39RARNt7YGCK6ZeWP5Odcm116X\n-----END RSA PRIVATE KEY-----',1);
/*!40000 ALTER TABLE `certification_info` ENABLE KEYS */;
UNLOCK TABLES;

--
-- Table structure for table `cobrand_session_token`
--

DROP TABLE IF EXISTS `cobrand_session_token`;
/*!40101 SET @saved_cs_client     = @@character_set_client */;
/*!50503 SET character_set_client = utf8mb4 */;
CREATE TABLE `cobrand_session_token` (
  `cobsesid` int NOT NULL AUTO_INCREMENT,
  `cobrandname` varchar(255) DEFAULT NULL,
  `cobrandtoken` varchar(255) DEFAULT NULL,
  `jwttoken` varchar(255) DEFAULT NULL,
  PRIMARY KEY (`cobsesid`)
) ENGINE=InnoDB AUTO_INCREMENT=113 DEFAULT CHARSET=utf8mb4 COLLATE=utf8mb4_0900_ai_ci;
/*!40101 SET character_set_client = @saved_cs_client */;

--
-- Dumping data for table `cobrand_session_token`
--

LOCK TABLES `cobrand_session_token` WRITE;
/*!40000 ALTER TABLE `cobrand_session_token` DISABLE KEYS */;
INSERT INTO `cobrand_session_token` VALUES (51,'private-vreport-stage','03192020_0:33ec6e92446fc5ec36f03c3dc55f83101f182de5dba193f01e199dfe2ab9f014b67c96d975d51b0e2bbfb5c50c970e92457d40ac5e8894fbd22bcc1bdbcdaece','eyJhbGciOiJIUzUxMiJ9.eyJzdWIiOiJ2cmVwb3J0LXN0YWdlIiwiZXhwIjoxNTg3MTQxNDIxLCJpYXQiOjE1ODcxMzc4MjF9.hXz96pOLf-3LHqykjXi0j_dEPey-goCI05LdpMi-WIleQXRofwykKJ8Dejvz_GUPx3VkyTGly2hZE4DVXFzIPA'),(52,'private-vreport-stage','03192020_2:7498d7254a2e9e64413920da7db970ab52765eef1a7ae7c9ab80d5bb72d15672145f3f543bfd358d27a2f0282b73564c2500713e3c527f34ca511f9f7663abe0','eyJhbGciOiJIUzUxMiJ9.eyJzdWIiOiJ2cmVwb3J0LXN0YWdlIiwiZXhwIjoxNTg3MTQxNDI3LCJpYXQiOjE1ODcxMzc4Mjd9.GT-OMeS1senT8ABJWPiy_mrSANxqtDGAoTs09XZhdyTvls3hrhGwEn1rNEOCBopym1_3H7vZ9Z1oCLnW-gPcIw'),(53,'private-vreport-stage','03192020_1:7a456a533cc7ac33daf1df3e6c9fbe1cca63c271a01c7bedf7970a05f885696b9ba85c63af4d64d5b3de76121564ac432f389ea81191f6c58d103dae84e204f4','eyJhbGciOiJIUzUxMiJ9.eyJzdWIiOiJ2cmVwb3J0LXN0YWdlIiwiZXhwIjoxNTg3MTQxNDMwLCJpYXQiOjE1ODcxMzc4MzB9.mo18pHFddBepsXHLvaNL9MhoGrNTmKdQ07HU2-bAQnPyefT9wfQUKmyeq2fCX7uFjYICHI4EL6hWt-PPcORwuA'),(54,'private-vreport-stage','03192020_1:034d7d86ad58738e2c7b64f90c06f0b5d45ab0f60689caa0c335065d7b6bfc81d70fc18364e9c74d1cb8e35ba444efb346dc3821fd4716bd31b865c91482ab6e','eyJhbGciOiJIUzUxMiJ9.eyJzdWIiOiJ2cmVwb3J0LXN0YWdlIiwiZXhwIjoxNTg3MTQxNDMzLCJpYXQiOjE1ODcxMzc4MzN9.Vk45sw8a8XlBejLUt_KpJRh5X0IZyjdj0DNFQRP1AiVQva48XL3vkXD-jPV5Bj8XVUpn2ULnUm6VGe2N_l6bTw'),(55,'private-vreport-stage','03192020_2:848786156fb343b7527cf29a9ea362d5a021098c299e7c560810edb490f2492d35570c9945a45603d256ab81114fa4f2f1479396858445eef83659e9f9d3f4fc','eyJhbGciOiJIUzUxMiJ9.eyJzdWIiOiJ2cmVwb3J0LXN0YWdlIiwiZXhwIjoxNTg3MTQxNDM1LCJpYXQiOjE1ODcxMzc4MzV9.CuqFICdK1nTVKZ9Pxlo0DkMYRsE9sIfGqWtDmcduW8CkLnb4BeQi8eeDxMD4wiEGLvqUiuLK5078Xd8YGjtf6A'),(56,'private-vreport-stage','03192020_0:da15ca8bf02ec199ac0b4f61cfd64566fe632d1a394a5578d4271ea24dfb882919aaa8cf2f7625a18c958f740f729a3b0d4f5e5587d2fead89b9b668fb748030','eyJhbGciOiJIUzUxMiJ9.eyJzdWIiOiJ2cmVwb3J0LXN0YWdlIiwiZXhwIjoxNTg3MTQxNDM3LCJpYXQiOjE1ODcxMzc4Mzd9.yUI1zvGoN5y8-THz4VjSaevrzLCj2961ff0mzkXbQiPfNQsoi7sy258V7XegpoF8Vf3EzrROasAOkDzRo4O4vQ'),(57,'private-vreport-stage','03192020_2:04bd7609cac039062514f31b9d45335421d4132dad826408c9e9cdc67d7acb573de7cc7f5ed6d14a3e8507101ed78e1db869d566e6a7f7b2df86e1bcade2defd','eyJhbGciOiJIUzUxMiJ9.eyJzdWIiOiJ2cmVwb3J0LXN0YWdlIiwiZXhwIjoxNTg3MTQxNDQwLCJpYXQiOjE1ODcxMzc4NDB9.3jUo93_aBGnJlfGM-8wtys_uSFgcm0Q1mP6kiFIz8ePP2aF6KYMPgc7wlLwop9HfV5Gm3ydu15EdpzCqv9cLiQ'),(58,'private-vreport-stage','03192020_2:e936c5772fc1084f6678272e4b8cad68d285c8e252fbddec7fbd4a4db3ebd39b4fa09fcc1309c2726dff91e092c8202ba13c8b9c4064fc9221aa5d88287066e8','eyJhbGciOiJIUzUxMiJ9.eyJzdWIiOiJ2cmVwb3J0LXN0YWdlIiwiZXhwIjoxNTg3MTQxNDQyLCJpYXQiOjE1ODcxMzc4NDJ9.aN3JijSjuK5MmgW7dfw2QOkoK0QyL69A1DW6esMdSBpz5VqkgCTz9deBwZCCSF26l2NI292aajDvlL5WmjB_Cg'),(59,'private-vreport-stage','03192020_2:ea8c4b88caf2cb4934fad4821fa213a5b834dbd9e408540906dc26687a6513ace1b2309ae035b54fa4d24c73ff412eb25fd335295a94de1f428de5c9d88b891e','eyJhbGciOiJIUzUxMiJ9.eyJzdWIiOiJ2cmVwb3J0LXN0YWdlIiwiZXhwIjoxNTg3MTQxNDQ0LCJpYXQiOjE1ODcxMzc4NDR9.MBNJRHbHeBTvMMPGdMFQVztXzzko46ZitLEfACEDBOTG_787JG6_CoSig81iOj_709w1XWNh_Y1LaL8WZyj5cQ'),(60,'private-vreport-stage','03192020_2:65edf2971410d5f28dfe792ad8288810b0387d86c0b56ae11fca83fc2ceee9b1d1d2dfa495df7df8dbb98183d061f46034986f24c0f325b810c83dbfb37014cb','eyJhbGciOiJIUzUxMiJ9.eyJzdWIiOiJ2cmVwb3J0LXN0YWdlIiwiZXhwIjoxNTg3MTQxNDQ3LCJpYXQiOjE1ODcxMzc4NDd9.NwQd38nRxd6jc_KPSAyfvzk0_hTEsGicxWrUNWzqM20fq5nxmB3n4DYQlXi7I-aO3GEK6yZE0WBQN6Y91LOGtA'),(61,'private-vreport-stage','03192020_0:46e6cea33ddf6011d8116425df94103752df76b1e851538bf775840d35dc67f5b53d6a4eef3127725649a5a57afa3c19e00fb5a82ae2358e22ff54d727d46817','eyJhbGciOiJIUzUxMiJ9.eyJzdWIiOiJ2cmVwb3J0LXN0YWdlIiwiZXhwIjoxNTg3MTQxNDQ5LCJpYXQiOjE1ODcxMzc4NDl9.VzCTVJkpGATSlTRizuDtl4fmh5XqX1eDk1HEeBXypbMf8C-gmuCupkVaEedQsuC8yse4cj3Lyz93T9uIsXBQag'),(62,'private-vreport-stage','03192020_2:c6c8da6421dc9eaa47f54f4d15ddb2aff7c1b0fe7db5d37533f2ed1a1ea7c509ed1971922d87c5913b23ea69d0b9363dc8b40b2f09eef24d8453eea16472641f','eyJhbGciOiJIUzUxMiJ9.eyJzdWIiOiJ2cmVwb3J0LXN0YWdlIiwiZXhwIjoxNTg3MTQxNDUxLCJpYXQiOjE1ODcxMzc4NTF9.xHi6V9-yFmoGDmBOBv93bCRic8AAmjT5uC2dyxGD1i8RWw4Pjoh1HwqwUWZS32lRe50SkV7avcDl37978Ljdcw'),(63,'private-vreport-stage','03192020_0:64b9f7b43b57994365b380800a44c9f5ce9f022e52d8f2bc35a856b8a7ee79f47290831d09d0e6f1c2255144926f7ad3291ac3b98e629cc99ebf3f3b34dcb366','eyJhbGciOiJIUzUxMiJ9.eyJzdWIiOiJ2cmVwb3J0LXN0YWdlIiwiZXhwIjoxNTg3MTQxNDcxLCJpYXQiOjE1ODcxMzc4NzF9.z7El-Rtp0jTu7F1U9NLcJdi3807-T7EJPRLpn8PGtcW96cP8KqRrkjXEmVrEQmDkTgQjaUO5vAEq4N4XPaqJlQ'),(64,'private-vreport-stage','03192020_0:54d2a3d975826749c414b3b8302caf96b3d44fe5f19434b00a386059b0b2086a9f531e1351654746b86e337291ff43e83b922d83637768eac391716d02194205','eyJhbGciOiJIUzUxMiJ9.eyJzdWIiOiJ2cmVwb3J0LXN0YWdlIiwiZXhwIjoxNTg3MTQxNDc0LCJpYXQiOjE1ODcxMzc4NzR9.705zsGlS0XTijtGozBQMXRZ8UhHmGFVJJSi8-Uvxv-z03rbf85CdDGHXm2ExJA3r0b9NtIDS1c1-VyRWhmoGHg'),(65,'private-vreport-stage','03192020_0:1cf1a550e566560f9726554293836e8b27e81bcb654874ab43f8fb3660a60e36e540c6e7b6dd092b739d71a335edda354e1b38070bb4cb034bcf938536ed82d8','eyJhbGciOiJIUzUxMiJ9.eyJzdWIiOiJ2cmVwb3J0LXN0YWdlIiwiZXhwIjoxNTg3MTQxNDc2LCJpYXQiOjE1ODcxMzc4NzZ9._KKwfTnVs6kVamuRFKsb_6sZ6YTf3yzx2Psl0zmcd33mEEG3BpgMPI-GkfPHyBLvtj3SHpoebhEXCukDLEHkDA'),(66,'private-vreport-stage','03192020_1:993a3f29ff7bc1751780b334f1c14eeee61d7e43841b71d27bfdd0aadd6cf7a7337429c6b84c76bd9a7592b50ec7078b73c7223e1f026c6c0404a652796dac64','eyJhbGciOiJIUzUxMiJ9.eyJzdWIiOiJ2cmVwb3J0LXN0YWdlIiwiZXhwIjoxNTg3MTQxNDc4LCJpYXQiOjE1ODcxMzc4Nzh9.ZC19F3w54Ho6V0HKUawujNP4Q5GxeVGtLTdSMPRAKfoWqluYHZFF7IxTL5W46U1A28cOUcChBZH69jLrSKqMDQ'),(67,'private-vreport-stage','03192020_0:7f1018ab5773aa84f03d362bc8918d393750c97dc4770d8316fc032ee262ef0091655dccec3a40c50ab537196d20179c1d5266a284c1520c5b9e3a75076d7ddf','eyJhbGciOiJIUzUxMiJ9.eyJzdWIiOiJ2cmVwb3J0LXN0YWdlIiwiZXhwIjoxNTg3MTQxNDgwLCJpYXQiOjE1ODcxMzc4ODB9.MFE7dzTs4yfIBUODp1b_woSr0292v3KlzgPhItgbzo0sdOIvWHRT3KXIbbtO9KMOs3MQdKF7Az4fjWqr7ROLSg'),(68,'private-vreport-stage','03192020_2:f5ffc829e6b52e64d84c6be0c7b48e60936c16f19af9e77c3a88f70b2bf0a72846d35db29fd7b0bf6e9f8820333aab20eba88d98a6689c6cf37e83ebb203fa34','eyJhbGciOiJIUzUxMiJ9.eyJzdWIiOiJ2cmVwb3J0LXN0YWdlIiwiZXhwIjoxNTg3MTQxNDgzLCJpYXQiOjE1ODcxMzc4ODN9.hNMqmGQ77rbvB-42aop92bCqDvqfCnHh5Z8n0-fQdruUUET4JqnfTxfdMkADB316Jvpm--aL-9vcpU9m95rHhw'),(69,'private-vreport-stage','03192020_0:c8c91c455673a63fb17815a245f3c9897be34a627063eb349049af684861b4c51b084725d6f9bb64a63aeb2fab161d859182d11ef0b8c50a12ca0ad7bd8eec29','eyJhbGciOiJIUzUxMiJ9.eyJzdWIiOiJ2cmVwb3J0LXN0YWdlIiwiZXhwIjoxNTg3MTQxNDg2LCJpYXQiOjE1ODcxMzc4ODZ9.2GofUXFTxWNpNZKasTtLeGAqCWqmR3W_ND_eJVxIEL2DnoAY4-m4oT8qXJEEG9tP36uN_YTJ-kxZniJVyrFgWw'),(70,'private-vreport-stage','03192020_0:91be193f16133010ce9870bbf4355d05265e9195da5a3d3f163c4b4ae624a23abd92b2bed1f8bee2845f3de7ff51970c6bc05f945f35f23084a9079082281ce6','eyJhbGciOiJIUzUxMiJ9.eyJzdWIiOiJ2cmVwb3J0LXN0YWdlIiwiZXhwIjoxNTg3MTQxNDg4LCJpYXQiOjE1ODcxMzc4ODh9.f8gJCfD3nb1xb6K0oegJ0fpigy5iIpOHbE8Bp_ewGzaJQYvpHSm-M6VGX5pNm2_g4892Xx3X3dlWhLE0xaFoaw'),(71,'private-vreport-stage','03192020_1:7977743949edd8484d8147f023cba4ef1f4e5e1e125ad7369ccdeeb0018d2677bffd99a76615b744d5423922faf3b997a1b7c13793c9d73d8b06fcd17c1012d6','eyJhbGciOiJIUzUxMiJ9.eyJzdWIiOiJ2cmVwb3J0LXN0YWdlIiwiZXhwIjoxNTg3MTQxNDkwLCJpYXQiOjE1ODcxMzc4OTB9.Eohn2k1rs_LoVKwZI-EyWCHGtTiBcAQRGBllyCniy40_K-k-m6OZTzsiF4oNFPuNs57hrcoIZmHU6KL7HYHZNw'),(72,'private-vreport-stage','03192020_2:2fdbd993ab58feb5c0e32b21f7707c9c9e60eb4a53bd1072e82c4fbd9b124eba3c29072a0d52212813c15eff34f098f213437192088960ff6a846e07105c970c','eyJhbGciOiJIUzUxMiJ9.eyJzdWIiOiJ2cmVwb3J0LXN0YWdlIiwiZXhwIjoxNTg3MTQxNDkyLCJpYXQiOjE1ODcxMzc4OTJ9.H7xVg6SoVtwJjG0OizJNVHbShRQOpaM1M6J27DBPTGEofw44YUcq5rHQjQGY0L9Ss5c6n9LO7h7xUMuphnc2og'),(73,'private-vreport-stage','03192020_1:cc47ed65f722ca662af11a44c30038972f9e42bca972b410355bd69037215e018968a2d35fdc9e7d918158bd12bc3305f53c97ca731a87690890d68a6e3861d5','eyJhbGciOiJIUzUxMiJ9.eyJzdWIiOiJ2cmVwb3J0LXN0YWdlIiwiZXhwIjoxNTg3MTQxNDk0LCJpYXQiOjE1ODcxMzc4OTR9.GzZaZqK4pC7RvrmU8uQP06kHBDcvFwP4o7M0CIr6RKZfzVKTFgic_Wyj07zqvunL90TIxeZUEbyooHNXNJI7vQ'),(74,'private-vreport-stage','03192020_2:6c690bff35711a49b796b18a5b788cf7ca2cfd1c20db312b0ac2eccfbc6ecbe6a4a855f5f35a2f85f82745bd66f5768f5e0bfea502353a6dfa1f27e24a211218','eyJhbGciOiJIUzUxMiJ9.eyJzdWIiOiJ2cmVwb3J0LXN0YWdlIiwiZXhwIjoxNTg3MTQxNDk2LCJpYXQiOjE1ODcxMzc4OTZ9.VCwi_8JUQFv26qgxJhUrRrubrmbq8yQjJNBSx2hav2FQKDP1aHbWpbKXF5X0Hvi57IeW6myj9J7GhjSlfXZGgw'),(75,'private-vreport-stage','03192020_2:29252d73f9fd8f6b9147b0006bff01dba422c13a5245ac701b5e2311d59251c6b088fb0884d171dae136d07cf93b6d925ad0268c9d0d1d9b80e75cbb0d85d96c','eyJhbGciOiJIUzUxMiJ9.eyJzdWIiOiJ2cmVwb3J0LXN0YWdlIiwiZXhwIjoxNTg3MTQxNDk4LCJpYXQiOjE1ODcxMzc4OTh9.c2PmIP_bjVCeNhOPqkTHtd7dnjS7RNa5ioacvU0a8D2eoEaYbun9QF-FqjgPe50t1CB9YPyUhZ5r7qs1IzinjQ'),(76,'private-vreport-stage','03192020_0:1457fd91cd1042562dbcfbbc6fbd7aecfb3ccac0f9f9e5ca481c1a638416bc112089cbddf53ec740489264564e12284a2ce7a894a403baf8086c124a7960c6cf','eyJhbGciOiJIUzUxMiJ9.eyJzdWIiOiJ2cmVwb3J0LXN0YWdlIiwiZXhwIjoxNTg3MTQxNTAwLCJpYXQiOjE1ODcxMzc5MDB9.covDUk5MxFK11-GPUhJwJcxfeT6_UaedULCNLYZpmMuvp8t8hbTKs7wotDCGXb0jX3b7UBl386PPTOB2W7S4aQ'),(77,'private-vreport-stage','03192020_2:907fc0ca60607262bd7530fac522381e601985813749ca8f4229e29d664c8ed1e2a5272c7ec0f592f183dfa7343e9f490e9a64d6db71ad48c2cfa2a9cec89346','eyJhbGciOiJIUzUxMiJ9.eyJzdWIiOiJ2cmVwb3J0LXN0YWdlIiwiZXhwIjoxNTg3MTQxNTAzLCJpYXQiOjE1ODcxMzc5MDN9.7qWnIZHbhTs7nzPN18U0n0p7GFMHhWU1bvrduvniA4JRlYu_Ty8ob94cKYiLUA3yjxw4P-eHarN66lwJNwZikg'),(78,'private-vreport-stage','03192020_2:4c2a487fa48e6088f9a307e2bedd58afcb6f590220e4763e10d4afb10e094e2f3a74277d18a5d7589d089b575b0680422a83383ca908d56a768f0384b21396da','eyJhbGciOiJIUzUxMiJ9.eyJzdWIiOiJ2cmVwb3J0LXN0YWdlIiwiZXhwIjoxNTg3MTQxNTA1LCJpYXQiOjE1ODcxMzc5MDV9.N5KGZhMyPbYx_FT3HfkpY3_Te57hEvNwSmy-LzzTiF0TCOFUEh5NjDwpRnJNyFA7ACs0rixUkvI5n1-5W00qfA'),(79,'private-vreport-stage','03192020_0:dbe184bad8522ff3b007080d7f6bd6e20004b7280a8076e8c1a27a00250bf583e3cc32ec5a79acf86a124df0e0e58ad85b4980814480c89c06f380b0fc66fbe3','eyJhbGciOiJIUzUxMiJ9.eyJzdWIiOiJ2cmVwb3J0LXN0YWdlIiwiZXhwIjoxNTg3MTQxNTA3LCJpYXQiOjE1ODcxMzc5MDd9.VL_cJZ2tDuKx9FGOMqBHRGaoKXw4XXlVBZUcaHbH83PkU6LXzkDU7ASrHLQuj2SdoMFn_9C6jPhaOOeItSsTEg'),(80,'private-vreport-stage','03192020_1:12ff461de7363096266e1d8964103eb676767a7f4bf2dfa679e1c5c03067276fda59fd2926497a89795ab02fb757544c3224f00ded865b92e78257bbf2da0f3a','eyJhbGciOiJIUzUxMiJ9.eyJzdWIiOiJ2cmVwb3J0LXN0YWdlIiwiZXhwIjoxNTg3MTQxNTEwLCJpYXQiOjE1ODcxMzc5MTB9.DBgPFzSsqoUPIdQ_JxtaLPda9imLtAbF2V1zgXVhlJUmf8f4HBIQh7SY4hDfHuXLWLyDoM0DdwCdUQ7Kocew1w'),(81,'private-vreport-stage','03192020_0:7763e96143e9aa9ac0143cea4cc7b645b75918381413c33e69e7fd3f3d20ed248cd00864bc7f9412b47e5765e4d07e679f6ca7248606261bf9d83ea60ed6ae16','eyJhbGciOiJIUzUxMiJ9.eyJzdWIiOiJ2cmVwb3J0LXN0YWdlIiwiZXhwIjoxNTg3MTQxNTEyLCJpYXQiOjE1ODcxMzc5MTJ9.0uxHFF785hkm-8l_pY02PLM4Z3hnLwjZ4yXfvEMHM0v1e8WViKISg_92NVYlRKuYK6mYkEAya-RS1kCZPNd7BQ'),(82,'private-vreport-stage','03192020_0:e62c098e49f9585db5e35a60920b3f84730ecb1c7cfa7423dcd7c47e721055c7e8a96a7946ae20eab9f5b72c3ff8d6a06adc31e61059c56ef440e347f301953b','eyJhbGciOiJIUzUxMiJ9.eyJzdWIiOiJ2cmVwb3J0LXN0YWdlIiwiZXhwIjoxNTg3MTQxNTE0LCJpYXQiOjE1ODcxMzc5MTR9.Qlri8OeuvHThMGpoEW5Jn2nLmy5O7IawFMefvCZfpJ4JPBSAWsUTm3Rp-PRUPTJKJrHJvGOmc1VHBwf4kX-15Q'),(83,'private-vreport-stage','03192020_1:80c10f9cb5a58f8edc3f500c07abc2bfe1795276254e98741fc623c93d07b731ad222974073ccccee94894e87987b97d0b34ad4542eb8af2eb05f6c29f0e6f76','eyJhbGciOiJIUzUxMiJ9.eyJzdWIiOiJ2cmVwb3J0LXN0YWdlIiwiZXhwIjoxNTg3MTQxNTQ1LCJpYXQiOjE1ODcxMzc5NDV9.ViL8fpWRmO832X8UipRXxduMVxreURnKvQmSXQ73bUWtoOYR3Bny_S8RBJ4TzKxVT5e-sxdvhq-Hhi149j0X4A'),(84,'private-vreport-stage','03192020_2:e75dbad714683fa6c0aaa28d69ec48f6292abc49e058031a3fbeaa9e2b262c6cc386d3db07352415300e8722d20629eab82e4d3f78732d03df90d7daf1a38fc1','eyJhbGciOiJIUzUxMiJ9.eyJzdWIiOiJ2cmVwb3J0LXN0YWdlIiwiZXhwIjoxNTg3MTQxNTQ4LCJpYXQiOjE1ODcxMzc5NDh9.ku9EcWyVdIJ2tMvQG_tkYrUY2M8pWZuxmkCJ85g3bn8kM9Aphn8CvHDasjmOEHNIjpeljxYZ4ERuj-Mv6w9ZKQ'),(85,'private-vreport-stage','03192020_2:120e5f533d67ae0addb6c966b5de6af3f3d8db5f307f77baf8191dbfff57d0db6377078fc79e6f7bf75e3d511011b1ff87670a89dfc55c010360d3b8128edf6d','eyJhbGciOiJIUzUxMiJ9.eyJzdWIiOiJ2cmVwb3J0LXN0YWdlIiwiZXhwIjoxNTg3MTQxNTUwLCJpYXQiOjE1ODcxMzc5NTB9.WQMK357nSCHGmWdV3sob4IbFy8dE1zFzjNL0O0YxHJ9zuIw5nmkCAqAkkzp02bHx1HLvh51Oaa2YbVMCjlyNvA'),(86,'private-vreport-stage','03192020_2:e1bc2b3fd1822dc09791e522d064dd4c651029ebd95f155367c8388821518530ecd82ebdc9c5da593e018811bfe8cd6a2a704a9e5a1399830ad012ee5c7dd47f','eyJhbGciOiJIUzUxMiJ9.eyJzdWIiOiJ2cmVwb3J0LXN0YWdlIiwiZXhwIjoxNTg3MTQxNTUyLCJpYXQiOjE1ODcxMzc5NTJ9.da8mdFuY25fNgPCmXgfccTBF2c6QzVmjDjrx9amtctIH2WtzddwxeD4M-bLlt5iWppWP_ZCRwE5iLVk2UkIo2g'),(87,'private-vreport-stage','03192020_0:8a2dfbdb203ef9ed2d94bbc2649a8e4f06d481b18ed6d794cecd8e928e5e5e74d005a624cf4bef05a9352d4c215292a19f4af3e1735e98dd3463116bde4ddf94','eyJhbGciOiJIUzUxMiJ9.eyJzdWIiOiJ2cmVwb3J0LXN0YWdlIiwiZXhwIjoxNTg3MTQxNTU0LCJpYXQiOjE1ODcxMzc5NTR9.wDzrZJ2Kp5zzESBcnXh8xA-0AsSV4b2NkQ4PugOeb2Vug-LY6AbDZBsOCGxxWQkc0N0CRXyChSD43UCUNr-f-g'),(88,'private-vreport-stage','03192020_0:22535a94aba6e1660a64a5b7bfab6ae6408abdeaaf304c2583421ba3f708977d0baba7df7942bf25d1ebdce0011ee769070086fbefa22a97cc2cc4aaad0c220a','eyJhbGciOiJIUzUxMiJ9.eyJzdWIiOiJ2cmVwb3J0LXN0YWdlIiwiZXhwIjoxNTg3MTQxNTU2LCJpYXQiOjE1ODcxMzc5NTZ9.lgcbZsLMj8UBU63qLwY4wR_lv6kcEWuWV8wusgbdQkHwCAuSmUG99Oi5BaKPC8-pwepXEsfdI0Do8dp4VGB41w'),(89,'private-vreport-stage','03192020_0:3b123ed0c069a396398199ad0fb51eddb3c353a85cd9de4819b750179cf9fcbcb98b9152949692c5b98af431382c41c50a3d0f118e253d019996831307575ad5','eyJhbGciOiJIUzUxMiJ9.eyJzdWIiOiJ2cmVwb3J0LXN0YWdlIiwiZXhwIjoxNTg3MTQxNTU4LCJpYXQiOjE1ODcxMzc5NTh9.BFlq6dhRa-WOzTGZJcghFl2m0q0cEci_nZO4YjbOoeXYlPMxyI2eKhPy0qIW2bLcHjKouFYSL-VkaFJnR3iYvA'),(90,'private-vreport-stage','03192020_0:62359faaf731734741c902f748af4c97a55346280ecbd1597d6e2755542fbf057382d5a62b1af1e1eaa23a81750459383b906a742743cbf77ef13f79bfde08b0','eyJhbGciOiJIUzUxMiJ9.eyJzdWIiOiJ2cmVwb3J0LXN0YWdlIiwiZXhwIjoxNTg3MTQxNTYxLCJpYXQiOjE1ODcxMzc5NjF9.btsufNc1AgKkVDKk-8Oqkc0CEcXlqmROHRzJXzNc6R_DfxTRjjimCv2e3_q8ASRy8LMxYye2hE5g04EaLhA5xA'),(91,'private-vreport-stage','03192020_2:d4a3c3ecc66f1a7e5f6bab273bdb53f3979f57d11be822437093aac363595089eebc17ffec11fc8bb43c3a1f41b56f626a7ce2d140b76fb15bbd5631d355733d','eyJhbGciOiJIUzUxMiJ9.eyJzdWIiOiJ2cmVwb3J0LXN0YWdlIiwiZXhwIjoxNTg3MTQxNTYzLCJpYXQiOjE1ODcxMzc5NjN9.3AlVT2sKoNW9Rgb9TBvu4VxZoBHzuZz7UcZwYN7wx6sre2Rt90eaKZ3N1gcODlmBEYhHnviy00FCKxh0Or0n7Q'),(92,'private-vreport-stage','03192020_0:1de64a46bc6a2daa8d8e94c915614cb053a32e34fb730e6fc025c8fb44b23a9a336d8443751a9c04bebb6b5c817fcd19165904c7117607ed9ddd333da2812fb4','eyJhbGciOiJIUzUxMiJ9.eyJzdWIiOiJ2cmVwb3J0LXN0YWdlIiwiZXhwIjoxNTg3MTQxNTY2LCJpYXQiOjE1ODcxMzc5NjZ9.Oev4Hv_1qZmeTCsWJgUe3iACYLTWC1zNx6NzmwBtiqLqt6r8dB96x2bf9HtnsVqqCmnr051gUomdEec6tzrh2w'),(93,'private-vreport-stage','03192020_2:3ffff87d5c1f42d9e6007ed6fd91171e3ad973e1556a6620c94098dc4e3a61eca59559ae18b33bce1df37fc44ce7b168cfbde5198a963907705174a2b9a651b9','eyJhbGciOiJIUzUxMiJ9.eyJzdWIiOiJ2cmVwb3J0LXN0YWdlIiwiZXhwIjoxNTg3MTQxNTY4LCJpYXQiOjE1ODcxMzc5Njh9.Ww88k2lfTOhHmtgWhS89rZGfApS39WGcKfqgJCLQ5ft7dHb5oS9dKBGCrmXH45PYA-g4Fl4WQ6CmQSUccf4_-w'),(94,'private-vreport-stage','03192020_0:4b54c000069c68c42ac507971888df6967abf380600fdd0a1281068d411d343a8f858f4eb5dbf6b50b6eb61c51885fcb75681adab0e891a0eaf8e6b2a82e5de7','eyJhbGciOiJIUzUxMiJ9.eyJzdWIiOiJ2cmVwb3J0LXN0YWdlIiwiZXhwIjoxNTg3MTQxNTcwLCJpYXQiOjE1ODcxMzc5NzB9.lfpqA5NMOei0xt0iWV7OxSIt5YZCXVPFptV6VhYyOzcOvj5iu6vC8K8SKa-Qmhvb6mvt8NBlXVyPHxRLutO0mA'),(95,'private-vreport-stage','03192020_0:6929ebbdb6612d072823fc9acc0dfa05cfc62d64174ee77cb4b1feb16735f1873c15f71694bee63ba78a066ad13053a6c6e53ce9d4d3cb0bf6e9e3c65f9943b5','eyJhbGciOiJIUzUxMiJ9.eyJzdWIiOiJ2cmVwb3J0LXN0YWdlIiwiZXhwIjoxNTg3MTQxNTcyLCJpYXQiOjE1ODcxMzc5NzJ9.7yYRV1tbK8-dqTmIdpUFyTHTi9hiUtHxHC6b0LEq9Z7DAPRTs2BFb_8dQFdHEH2daRtzzpPLAHCIWzm-9vLTPA'),(96,'private-vreport-stage','03192020_0:8f584218784a673e8413a754f4166b9564bd4379348bf2d91836c3a6b8a1fbf44681820ed50dc5375492750119e4f1cf2a2827b078877bf797de4a62e1aeeb02','eyJhbGciOiJIUzUxMiJ9.eyJzdWIiOiJ2cmVwb3J0LXN0YWdlIiwiZXhwIjoxNTg3MTQxNTc0LCJpYXQiOjE1ODcxMzc5NzR9.jmVL3J1f9b4YhgpRLUYonKSP3tzFbDKEDP4AxP705-QeyN6yEyW9aIPtVu3yFd3K4X6Nprf1E7QoJLDX0vOMNw'),(97,'private-vreport-stage','03192020_1:e0ac927cf2da8e2453d34d4367fb818aea8773148059fce65dccfff86ac19e337ba0c666a867c0d4e3faf4ebc19f9973db300654c1181ecac78c857b52ec8113','eyJhbGciOiJIUzUxMiJ9.eyJzdWIiOiJ2cmVwb3J0LXN0YWdlIiwiZXhwIjoxNTg3MTQxNTc1LCJpYXQiOjE1ODcxMzc5NzV9.CHpuU2n6HdCIphZT3TIiHkbyzeM5OBNqupej2fA2Z1trYS--aum3lCi-JZ4-K8Jn0ZBXxSh4kl3dzSpxLloFlQ'),(98,'private-vreport-stage','03192020_0:0a5265afad1da54dcd291ebb9ca737c8a329c8525fedb8738783074de1adb8f378f42bc8b9c3a55005f5d135647009e14d70957344562e62352aa19a1febe062','eyJhbGciOiJIUzUxMiJ9.eyJzdWIiOiJ2cmVwb3J0LXN0YWdlIiwiZXhwIjoxNTg3MTQxNTc4LCJpYXQiOjE1ODcxMzc5Nzh9._D1fy_CG-4gTinryHEefyI_pfu9hquIn8qgkdClZmuGMVEmT3SNbxpAAp70Y73pDtVOphIgi7WEG51wLGrRr4Q'),(99,'private-vreport-stage','03192020_1:eec21021924d41778936815dcecd79355ee402a51ffad433c06b14489b10b61a1c935090cdae65dd39e90f6c964c380f882323a6a58e6cca6f3a66caadceb4e0','eyJhbGciOiJIUzUxMiJ9.eyJzdWIiOiJ2cmVwb3J0LXN0YWdlIiwiZXhwIjoxNTg3MTQxNTgwLCJpYXQiOjE1ODcxMzc5ODB9.4A5TnbI2FLSduYnPznFrh4ShoZ4Uq8FIoM5DsTpGEpdeANSQ0hL9kUSwM40bLG0FhE6M25Br8Yx5qvrNedTqkg'),(100,'private-vreport-stage','03192020_1:25cc941f30debeaadf5139173414e860d824c79446bded2b0f53d0cd2ed58c687bb1a5d9029fd192dacdbf17804870f7a7b0334eb01bc957d640e689ae7b6db7','eyJhbGciOiJIUzUxMiJ9.eyJzdWIiOiJ2cmVwb3J0LXN0YWdlIiwiZXhwIjoxNTg3MTQxNTk2LCJpYXQiOjE1ODcxMzc5OTZ9.QdDwmQ69aQ-bp7azC5-p2reHOFScjlajS4oc1YkRW1B97caL4kVpF49k3dzeWTALN4LEqA-eWYU8UtG6Oyyp9g'),(101,'private-vreport-stage','03192020_0:d6b76eb46879eb3e60189cceb90ceea85d59d752f8a955ce1f67f79375897cc5b975326be2bd9de512dfa97983231fa7ef56d78c6f73dfe17725beacc89e1bc9','eyJhbGciOiJIUzUxMiJ9.eyJzdWIiOiJ2cmVwb3J0LXN0YWdlIiwiZXhwIjoxNTg3MTQxNTk5LCJpYXQiOjE1ODcxMzc5OTl9.Oba9I9Iqoh8_ikSiEc6Kn49C3WOxuDLA8SQZGNSb6dUR6OwPdI_ESDCs-ItUXPwCP3MY91AqE9vJyGBgv8fZIg'),(102,'private-vreport-stage','03192020_1:9c98b1ca72b8132a12a549541d5c7368de6391564babe38416d12ef3774afd3502c25a767195b028391bfd83bb6ea0e74be152ed32d7464dc0ede56f1567d83d','eyJhbGciOiJIUzUxMiJ9.eyJzdWIiOiJ2cmVwb3J0LXN0YWdlIiwiZXhwIjoxNTg3MTQxNjAxLCJpYXQiOjE1ODcxMzgwMDF9.GjC_163WXcoggpYCL7NpAAN9wupPpOIiHL56UBEU-EpcJW2tvy55F2dp4Z8Ua9CNxLLw_5-iIADf4MgQAURzrQ'),(103,'private-vreport-stage','03192020_0:07becaeab7b4c50a17ed82745ff5b621d582ba53b927e2171125f0eb40c59fbf7492817713874a5a2769f4519a9608542ba3abe4fee59956e05e0f60bd8fdf65','eyJhbGciOiJIUzUxMiJ9.eyJzdWIiOiJ2cmVwb3J0LXN0YWdlIiwiZXhwIjoxNTg3MTQxNjAzLCJpYXQiOjE1ODcxMzgwMDN9.08OQ5g4f0cdyGRuT2IQc61aM-BiS5uvqnVLkPIvjq9Y4B8eGRW_hdN0Y9-a-H4C5OuGiOqJYBGeaHKmzYSZJlw'),(104,'private-vreport-stage','03192020_1:e33f27365a1bcd443d4b66bdb87d3ccb2a5d6c2855e8d23a4c45acacfc45a8ea26ce5eee0680f38bdcdae0d99abf0206771a228f62c41c298409d0d23bf49d73','eyJhbGciOiJIUzUxMiJ9.eyJzdWIiOiJ2cmVwb3J0LXN0YWdlIiwiZXhwIjoxNTg3MTQxNjA5LCJpYXQiOjE1ODcxMzgwMDl9.gfsfz6LnYOiOGMWy6g__6D3BQGv7c8YGcM9H4_R7rKjcUDprXf4qxwZtXefAtWCA6m0sq6yL14ppxXd-vEQOFw'),(105,'private-vreport-stage','03192020_1:8ff1113e50b11e27d7fa30432a40abca20b2fa8e2c738fe9c6472d68448485f1ec459258210937081fca2dca42a02765ed37478b74f08340bfb8661532ce951e','eyJhbGciOiJIUzUxMiJ9.eyJzdWIiOiJ2cmVwb3J0LXN0YWdlIiwiZXhwIjoxNTg3MTQyNDc5LCJpYXQiOjE1ODcxMzg4Nzl9.4rfQh-WLZdtfDkuF3Ix_AASyZTSpigIkDsevZx8inbswUQXaSyCmQniZzOQCjbVlzMtQWbSiXpl_0pAzjG4TXg'),(106,'private-vreport-stage','03192020_0:3c5e9fe4c7a1bc96bb23704485f0a9a6627cb0944b1ca7f2b2c9243536e0143bbe12f3c71806ab61b03e0d7708d323541511f98cd580af913f531947ee0a301f','eyJhbGciOiJIUzUxMiJ9.eyJzdWIiOiJ2cmVwb3J0LXN0YWdlIiwiZXhwIjoxNTg3Mjg1MjIzLCJpYXQiOjE1ODcyODE2MjN9.2ag34anTM3ZVNfrDG93DY5Z06zq1fkBClFnsArDvW7cXaywX5ToubMuqnGku9bup3ohsB22_ie9u5X9myVbsgA'),(108,'private-vreport-stage','03192020_1:f05faa58632a6a7e101ee9c50e1f80e6c065bc2f56714a7870be55326497472a92c771204fd9aac11c7436ac36c1135445c1141d8e92d909409fbb3f46b52bb2','eyJhbGciOiJIUzUxMiJ9.eyJzdWIiOiJ2cmVwb3J0LXN0YWdlIiwiZXhwIjoxNTg3NzM0ODU0LCJpYXQiOjE1ODc3MzEyNTR9.VcOrj2-OYb5NcvbLzgR3JONr6OGIrZpJyYaNiUMsxM5Ayo6OPYto3WSV8eKsHkjRm2gSGN7kQU9nR4AT5yoeKQ'),(110,'private-vreport-stage','03192020_0:81206ee1894b07e235e45d138b71dc1185b06961b203f01afa4572165690729ecb301a645aa39082272a109088ff8606b7e535f540cc6c5da4d56c317748f6f8','eyJhbGciOiJIUzUxMiJ9.eyJzdWIiOiJ2cmVwb3J0LXN0YWdlIiwiZXhwIjoxNTg3NzQzODA5LCJpYXQiOjE1ODc3NDAyMDl9.miwZdC_6srr2rM3ZgGRLUonUd269sicoYe0YNsA1DgoKRlMM3Fr8PYyenewKrRkm9Z0U1ccvI1uPTDaiH6Zyvw'),(112,'private-vreport-stage','03192020_2:0a179a703b75f79777f9434a9d0c7b37f78f3745bc29c75abf8db1a36c3056ed050758bb5de07d63e33385d045aa8cc4bf114f34408cf846142d52df7e1d3c3a','eyJhbGciOiJIUzUxMiJ9.eyJzdWIiOiJ2cmVwb3J0LXN0YWdlIiwiZXhwIjoxNTg3NzQ1Nzk3LCJpYXQiOjE1ODc3NDIxOTd9.XXCuHoq_T3LJifEizIzJE8kj6yUOy4gd74sqfu0KZa9QYH7Nh-cD__MUoi-I9BbmeoOtC4JHckwZFuyYPzKU8A');
/*!40000 ALTER TABLE `cobrand_session_token` ENABLE KEYS */;
UNLOCK TABLES;

--
-- Table structure for table `cobrandinfo`
--

DROP TABLE IF EXISTS `cobrandinfo`;
/*!40101 SET @saved_cs_client     = @@character_set_client */;
/*!50503 SET character_set_client = utf8mb4 */;
CREATE TABLE `cobrandinfo` (
  `cobid` int NOT NULL,
  `apiversion` varchar(45) NOT NULL,
  `cobrandname` varchar(145) NOT NULL,
  `baseurl` varchar(245) NOT NULL,
  `cid` int NOT NULL
) ENGINE=InnoDB DEFAULT CHARSET=utf8;
/*!40101 SET character_set_client = @saved_cs_client */;

--
-- Dumping data for table `cobrandinfo`
--

LOCK TABLES `cobrandinfo` WRITE;
/*!40000 ALTER TABLE `cobrandinfo` DISABLE KEYS */;
INSERT INTO `cobrandinfo` VALUES (1,'1.1','private-vreport-stage','https://stage.api.yodlee.uk/ysl',0);
/*!40000 ALTER TABLE `cobrandinfo` ENABLE KEYS */;
UNLOCK TABLES;

--
-- Table structure for table `company_info`
--

DROP TABLE IF EXISTS `company_info`;
/*!40101 SET @saved_cs_client     = @@character_set_client */;
/*!50503 SET character_set_client = utf8mb4 */;
CREATE TABLE `company_info` (
  `id` int NOT NULL AUTO_INCREMENT,
  `role_id` int NOT NULL,
  `company_name` varchar(145) NOT NULL,
  `email` varchar(145) NOT NULL,
  `username` varchar(145) NOT NULL,
  `password` varchar(245) NOT NULL,
  `address` varchar(345) NOT NULL,
  `status` varchar(45) DEFAULT 'Y',
  `created_at` datetime DEFAULT CURRENT_TIMESTAMP,
  `updated_at` datetime DEFAULT CURRENT_TIMESTAMP,
  PRIMARY KEY (`id`),
  KEY `fk_rci_role_id_idx` (`role_id`),
  CONSTRAINT `fk_ci_role_id` FOREIGN KEY (`role_id`) REFERENCES `role` (`role_id`)
) ENGINE=InnoDB AUTO_INCREMENT=4 DEFAULT CHARSET=utf8;
/*!40101 SET character_set_client = @saved_cs_client */;

--
-- Dumping data for table `company_info`
--

LOCK TABLES `company_info` WRITE;
/*!40000 ALTER TABLE `company_info` DISABLE KEYS */;
INSERT INTO `company_info` VALUES (1,1,'OneID','shane@v-report.co.za','vreport-stage','VFD@nb62pkd','south africa','Y','2020-05-01 13:57:08','2020-05-01 13:57:08'),(2,2,'Hubino','hubino.testing@gmail.com','hubino-india','Hubino@123','India Chennai','Y','2020-05-01 18:12:17','2020-05-01 18:12:17'),(3,2,'V-Report','v.report.team@mailinator.com','v-report-team','Hubino@123','SA','Y','2020-05-05 16:01:55','2020-05-05 16:01:55');
/*!40000 ALTER TABLE `company_info` ENABLE KEYS */;
UNLOCK TABLES;

--
-- Table structure for table `hibernate_sequence`
--

DROP TABLE IF EXISTS `hibernate_sequence`;
/*!40101 SET @saved_cs_client     = @@character_set_client */;
/*!50503 SET character_set_client = utf8mb4 */;
CREATE TABLE `hibernate_sequence` (
  `next_val` bigint DEFAULT NULL
) ENGINE=InnoDB DEFAULT CHARSET=utf8mb4 COLLATE=utf8mb4_0900_ai_ci;
/*!40101 SET character_set_client = @saved_cs_client */;

--
-- Dumping data for table `hibernate_sequence`
--

LOCK TABLES `hibernate_sequence` WRITE;
/*!40000 ALTER TABLE `hibernate_sequence` DISABLE KEYS */;
INSERT INTO `hibernate_sequence` VALUES (113),(113),(113),(113),(113),(113);
/*!40000 ALTER TABLE `hibernate_sequence` ENABLE KEYS */;
UNLOCK TABLES;

--
-- Table structure for table `role`
--

DROP TABLE IF EXISTS `role`;
/*!40101 SET @saved_cs_client     = @@character_set_client */;
/*!50503 SET character_set_client = utf8mb4 */;
CREATE TABLE `role` (
  `role_id` int NOT NULL,
  `role` varchar(45) NOT NULL,
  PRIMARY KEY (`role_id`)
) ENGINE=InnoDB DEFAULT CHARSET=utf8;
/*!40101 SET character_set_client = @saved_cs_client */;

--
-- Dumping data for table `role`
--

LOCK TABLES `role` WRITE;
/*!40000 ALTER TABLE `role` DISABLE KEYS */;
INSERT INTO `role` VALUES (1,'client'),(2,'company');
/*!40000 ALTER TABLE `role` ENABLE KEYS */;
UNLOCK TABLES;

--
-- Table structure for table `transaction_category`
--

DROP TABLE IF EXISTS `transaction_category`;
/*!40101 SET @saved_cs_client     = @@character_set_client */;
/*!50503 SET character_set_client = utf8mb4 */;
CREATE TABLE `transaction_category` (
  `id` int NOT NULL AUTO_INCREMENT,
  `company_id` int NOT NULL,
  `user_id` int NOT NULL,
  `category_name` varchar(145) NOT NULL,
  `parent_id` bigint NOT NULL,
  `created_at` datetime DEFAULT CURRENT_TIMESTAMP,
  `updated_at` datetime DEFAULT CURRENT_TIMESTAMP,
  PRIMARY KEY (`id`),
  KEY `fk_tc_c_id_idx` (`company_id`),
  KEY `fk_tc_user_id_idx` (`user_id`),
  CONSTRAINT `fk_tc_c_id` FOREIGN KEY (`company_id`) REFERENCES `company_info` (`id`),
  CONSTRAINT `fk_tc_user_id` FOREIGN KEY (`user_id`) REFERENCES `user_accounts` (`id`)
) ENGINE=InnoDB AUTO_INCREMENT=8 DEFAULT CHARSET=utf8;
/*!40101 SET character_set_client = @saved_cs_client */;

--
-- Dumping data for table `transaction_category`
--

LOCK TABLES `transaction_category` WRITE;
/*!40000 ALTER TABLE `transaction_category` DISABLE KEYS */;
INSERT INTO `transaction_category` VALUES (1,2,1,'My Expenses 3',13,'2020-05-03 17:42:16','2020-05-03 17:42:16'),(2,2,2,'Savings My Category',40,'2020-05-06 15:21:44','2020-05-06 15:21:44'),(3,2,2,'OtherIncome My Category',32,'2020-05-06 15:40:03','2020-05-06 15:40:03'),(4,2,6,'My Loan category',17,'2020-05-06 17:44:55','2020-05-06 17:44:55'),(5,2,6,'Loan Extra expense',39,'2020-05-12 09:42:54','2020-05-12 09:42:54'),(6,2,5,'Income lessthan 300',32,'2020-05-13 09:46:56','2020-05-13 09:46:56'),(7,2,5,'Income lessthan 100',32,'2020-05-13 13:40:12','2020-05-13 13:40:12');
/*!40000 ALTER TABLE `transaction_category` ENABLE KEYS */;
UNLOCK TABLES;

--
-- Table structure for table `user_accounts`
--

DROP TABLE IF EXISTS `user_accounts`;
/*!40101 SET @saved_cs_client     = @@character_set_client */;
/*!50503 SET character_set_client = utf8mb4 */;
CREATE TABLE `user_accounts` (
  `id` int NOT NULL AUTO_INCREMENT,
  `company_id` int NOT NULL,
  `created_yodlee_id` bigint NOT NULL,
  `login_name` varchar(145) NOT NULL,
  `email` varchar(145) NOT NULL,
  `password` varchar(145) NOT NULL,
  `address` varchar(545) DEFAULT NULL,
  `state` varchar(145) DEFAULT NULL,
  `city` varchar(145) DEFAULT NULL,
  `zip` varchar(45) DEFAULT NULL,
  `country` varchar(145) DEFAULT NULL,
  `fname` varchar(145) DEFAULT NULL,
  `lname` varchar(145) DEFAULT NULL,
  `currency` varchar(45) DEFAULT NULL,
  `date_format` varchar(45) DEFAULT NULL,
  `time_zone` varchar(145) DEFAULT NULL,
  `locale` varchar(45) DEFAULT NULL,
  `status` varchar(45) DEFAULT 'Y',
  `created_at` datetime DEFAULT CURRENT_TIMESTAMP,
  `updated_at` datetime DEFAULT CURRENT_TIMESTAMP,
  PRIMARY KEY (`id`),
  KEY `fk_company_id_idx` (`company_id`),
  CONSTRAINT `fk_company_id` FOREIGN KEY (`company_id`) REFERENCES `company_info` (`id`)
) ENGINE=InnoDB AUTO_INCREMENT=7 DEFAULT CHARSET=utf8;
/*!40101 SET character_set_client = @saved_cs_client */;

--
-- Dumping data for table `user_accounts`
--

LOCK TABLES `user_accounts` WRITE;
/*!40000 ALTER TABLE `user_accounts` DISABLE KEYS */;
INSERT INTO `user_accounts` VALUES (1,2,10108406,'hubMockTesterTwoID','hubMockTesterTwoID@mailinator.com','Hubino@123','200 Lincoln AveCity','CA','Salinas','93901','US','HubinoUpdate','MockTesterTwo','USD',NULL,NULL,'en_US','Y','2020-05-01 19:19:11','2020-05-01 19:19:11'),(2,2,10108407,'hubMockTesterOneID','hubMockTesterOneID@mailinator.com','Hubino@123',NULL,NULL,NULL,NULL,NULL,NULL,NULL,NULL,NULL,NULL,NULL,'N','2020-05-01 20:31:57','2020-05-23 10:49:40'),(3,2,10108409,'hubtester','hubtester@mailinator.com','Hubino@123',NULL,NULL,NULL,NULL,NULL,NULL,NULL,NULL,NULL,NULL,NULL,'Y','2020-04-24 20:31:57','2020-04-24 20:31:57'),(4,2,10107812,'hubtester1','testerHub02@mailinator.com','Hubino@123',NULL,NULL,NULL,NULL,NULL,NULL,NULL,NULL,NULL,NULL,NULL,'Y','2020-04-25 20:31:57','2020-04-25 20:31:57'),(5,2,10107904,'williebothatest','xwilus@gmail.com','Pixie567121628!',NULL,NULL,NULL,NULL,NULL,NULL,NULL,NULL,NULL,NULL,NULL,'Y','2020-04-24 20:31:57','2020-04-24 20:31:57'),(6,2,10108462,'warden','warden@mailinator.com','Hubino@123',NULL,NULL,NULL,NULL,NULL,NULL,NULL,NULL,NULL,NULL,NULL,'Y','2020-05-06 17:31:17','2020-05-06 17:31:17');
/*!40000 ALTER TABLE `user_accounts` ENABLE KEYS */;
UNLOCK TABLES;

--
-- Table structure for table `user_registration`
--

DROP TABLE IF EXISTS `user_registration`;
/*!40101 SET @saved_cs_client     = @@character_set_client */;
/*!50503 SET character_set_client = utf8mb4 */;
CREATE TABLE `user_registration` (
  `uid` int NOT NULL,
  `password` varchar(255) DEFAULT NULL,
  `role_id` int DEFAULT NULL,
  `username` varchar(255) DEFAULT NULL,
  PRIMARY KEY (`uid`)
) ENGINE=InnoDB DEFAULT CHARSET=utf8mb4 COLLATE=utf8mb4_0900_ai_ci;
/*!40101 SET character_set_client = @saved_cs_client */;

--
-- Dumping data for table `user_registration`
--

LOCK TABLES `user_registration` WRITE;
/*!40000 ALTER TABLE `user_registration` DISABLE KEYS */;
INSERT INTO `user_registration` VALUES (1,'Felicity171266@#',1,'shane@v-report.co.za'),(2,'mail12345',1,'test@mailinator.com'),(3,'VFD@nb62pkd',1,'vreport-stage'),(4,'Hubino@123',2,'hubtester'),(5,'Hubino@123',2,'hubtester1'),(11,'Hubino@123',2,'hubMockTesterOneID'),(23,'Pixie567121628!',2,'williebothatest');
/*!40000 ALTER TABLE `user_registration` ENABLE KEYS */;
UNLOCK TABLES;

--
-- Table structure for table `user_session_token`
--

DROP TABLE IF EXISTS `user_session_token`;
/*!40101 SET @saved_cs_client     = @@character_set_client */;
/*!50503 SET character_set_client = utf8mb4 */;
CREATE TABLE `user_session_token` (
  `id` int NOT NULL,
  `jwttoken` varchar(255) DEFAULT NULL,
  `usersessiontoken` varchar(255) DEFAULT NULL,
  `usessionid` int DEFAULT NULL,
  PRIMARY KEY (`id`)
) ENGINE=InnoDB DEFAULT CHARSET=utf8mb4 COLLATE=utf8mb4_0900_ai_ci;
/*!40101 SET character_set_client = @saved_cs_client */;

--
-- Dumping data for table `user_session_token`
--

LOCK TABLES `user_session_token` WRITE;
/*!40000 ALTER TABLE `user_session_token` DISABLE KEYS */;
INSERT INTO `user_session_token` VALUES (5,'eyJhbGciOiJIUzUxMiJ9.eyJzdWIiOiJ2cmVwb3J0LXN0YWdlIiwiZXhwIjoxNTg1MzgwMDIyLCJpYXQiOjE1ODUzNzY0MjJ9.BvR0x83fNiqlUsIMXIBhzI7Bgb7dh_XYG7FoZuLrkpqY0DP1BbEQ4Bi76cT9H6q9bDiZLCfRqIFFznqTUlmQWA','03192020_1:9eecedc8a43008a2450131970f1fbdb8616555495e41ff252f5e78be90e986b050176bc55c296f998e3dc5819c853357ab73ec64ca8a05d801a799458ddb1e66',0),(8,'eyJhbGciOiJIUzUxMiJ9.eyJzdWIiOiJ2cmVwb3J0LXN0YWdlIiwiZXhwIjoxNTg1Mzg2MTk2LCJpYXQiOjE1ODUzODI1OTZ9.tf6NtxGIWlf7J1BeSOLstrL9Ptscp-ASbgQrkV3IrR4CuC9opH9kzwoUdQPQiPu-B0t3pVAmf0BFsldG9bIPVA','03192020_1:993d627f4a7743d8ac425d176a0eb787db9a54c736b72b6c3a5283d005a6b1c7c4cecf19e9c72d06d701fc71169d6f63b52697e04310b960afc8ed8d0ae54b04',0),(12,'eyJhbGciOiJIUzUxMiJ9.eyJzdWIiOiJ2cmVwb3J0LXN0YWdlIiwiZXhwIjoxNTg1Mzg4MTY2LCJpYXQiOjE1ODUzODQ1NjZ9.-RzgNUp61QA11g3yORN7YehOqY991JYavnIA63cYIN2Wli4-lgB0Mwe1HQ5xaZXZcfMTz0TQJrC9C2R9kmBISg','03192020_0:6e85913634005e367953d4252a7731d5bf9c57760382c47f59d890cbba1aafa45a9a4129f009d542822f517a1744930984518d197340d25fcce45184b72554ad',0),(13,'eyJhbGciOiJIUzUxMiJ9.eyJzdWIiOiJ2cmVwb3J0LXN0YWdlIiwiZXhwIjoxNTg1Mzg4MTY2LCJpYXQiOjE1ODUzODQ1NjZ9.-RzgNUp61QA11g3yORN7YehOqY991JYavnIA63cYIN2Wli4-lgB0Mwe1HQ5xaZXZcfMTz0TQJrC9C2R9kmBISg','03192020_1:bc5a7c8bd3dd9901f83c3147cf1d962755c23a70acdf9b1781692573538a3f8704a5249573792ee000a5c706fa1af76327e33ded389394bd8bdff94fad9d8727',0),(15,'eyJhbGciOiJIUzUxMiJ9.eyJzdWIiOiJ2cmVwb3J0LXN0YWdlIiwiZXhwIjoxNTg1NTU0NTY5LCJpYXQiOjE1ODU1NTA5Njl9.znVlcV-YbdGxEsq03PgTDGntlAWCXq593KhfX9MxRg4-QocCWmsRyN59fwH03xp_EdnEtwH4A7X9xSLUIlR4uQ','03192020_1:bb867ec6d69c4a3eac2627300bebb3342f701849b4f43e00142dd32878e873cda509ec291da0954af7117b5bd1ea6b57138bdde2b85aec0fc6f12e0de021f3b1',0),(16,'eyJhbGciOiJIUzUxMiJ9.eyJzdWIiOiJ2cmVwb3J0LXN0YWdlIiwiZXhwIjoxNTg1NTU0NTY5LCJpYXQiOjE1ODU1NTA5Njl9.znVlcV-YbdGxEsq03PgTDGntlAWCXq593KhfX9MxRg4-QocCWmsRyN59fwH03xp_EdnEtwH4A7X9xSLUIlR4uQ','03192020_2:303acdd5738c63aa7610ada2e2937a23411a43bf1a30b72b16bf057d83c4595e439a4e6e1f8ea800b8c3f02de741a5ef45a295a13b4497166f093648c7b4771f',0),(24,'eyJhbGciOiJIUzUxMiJ9.eyJzdWIiOiJ2cmVwb3J0LXN0YWdlIiwiZXhwIjoxNTg1OTEzMDc5LCJpYXQiOjE1ODU5MDk0Nzl9.M_7FuI8aoDTUFmr2CwcMNZrTGBaaDY6TDS5UGF1mPvB-lcKNbexacgwN7r6A1MpDnm7Y2gFU13hm_C_gKGWw9g','03192020_2:f120bbcb9af2853a337b0e33e3f3a087a61f75fef5c9b41d33cd63504dba392bcfa8a834b4e9c757fe370142f86a07fd8022d28d26b600b2b71ce239ddd4de42',0),(25,'eyJhbGciOiJIUzUxMiJ9.eyJzdWIiOiJ2cmVwb3J0LXN0YWdlIiwiZXhwIjoxNTg1OTEzMDc5LCJpYXQiOjE1ODU5MDk0Nzl9.M_7FuI8aoDTUFmr2CwcMNZrTGBaaDY6TDS5UGF1mPvB-lcKNbexacgwN7r6A1MpDnm7Y2gFU13hm_C_gKGWw9g','03192020_2:3ee3ca833a28307843e9892a6ece2125d220ec381696501bf457b8180701e43cd3092ffba4bba8537f48d2d17644bbb97bd42ddad87c24bd2a989b4ad06a74f7',0),(29,'eyJhbGciOiJIUzUxMiJ9.eyJzdWIiOiJ2cmVwb3J0LXN0YWdlIiwiZXhwIjoxNTg2MDk2NjkxLCJpYXQiOjE1ODYwOTMwOTF9.4jh_0Bq0jEioPUvZAJKal2EKnQVV6CdvhAU4wOWSua96POZozt4qGkuoFNBPdav0V3rx3slczSdExf5eCq44BQ','03192020_0:0f858bbadfea1c999568baee67c57ae877968595218e4693c59945ef651140d864d07059c4443860f78bcb19ff505d2ff7081bcd8298211b4dbc5c383179b60d',0),(31,'eyJhbGciOiJIUzUxMiJ9.eyJzdWIiOiJ2cmVwb3J0LXN0YWdlIiwiZXhwIjoxNTg2MjQ4Nzg3LCJpYXQiOjE1ODYyNDUxODd9.LhNhsvT7ONl_C1H3s4yrarMUqMb-WLd46T18Za87_Uc-rFkf_FxR0ulKSOH83-APHLnzvRLh08CAriq6tiw0_g','03192020_2:cfdd7f0ff537e94e9a40c8543e057d40c5f5b0b94a54e26170e5dccf9b1f59acd7835ca5169d9624e952428f91cc0e145beaac7f774cce5d80914dad5930b2de',0),(32,'eyJhbGciOiJIUzUxMiJ9.eyJzdWIiOiJ2cmVwb3J0LXN0YWdlIiwiZXhwIjoxNTg2MjQ4Nzg3LCJpYXQiOjE1ODYyNDUxODd9.LhNhsvT7ONl_C1H3s4yrarMUqMb-WLd46T18Za87_Uc-rFkf_FxR0ulKSOH83-APHLnzvRLh08CAriq6tiw0_g','03192020_2:3d3c033a0198b2faf2e84399e9e2b3c4f085e03632f6c77c27d3b0f741e45cf3241e5fd590c65f8a8e92efde6012bc9fa84316c29f7c7c77236472bec04bcb1e',0),(34,'eyJhbGciOiJIUzUxMiJ9.eyJzdWIiOiJ2cmVwb3J0LXN0YWdlIiwiZXhwIjoxNTg2MjQ5ODgyLCJpYXQiOjE1ODYyNDYyODJ9.gbat-aKrPJhB9FU7LAm449nHbWx0EuABgqzNkoxcbg0Natcpbp6GEjY5VvgfQZwjwEnz0s4VBMLmGxhWqegP1g','03192020_0:023d32f86df09dff5c4059f8250aca41911e296e43af62be5d2bb73f2d200d1eb14d24183cdfdf88f8b708aaf37dc767a589f0df6d2c581629161ec3bea5e884',0),(35,'eyJhbGciOiJIUzUxMiJ9.eyJzdWIiOiJ2cmVwb3J0LXN0YWdlIiwiZXhwIjoxNTg2MjQ5ODgyLCJpYXQiOjE1ODYyNDYyODJ9.gbat-aKrPJhB9FU7LAm449nHbWx0EuABgqzNkoxcbg0Natcpbp6GEjY5VvgfQZwjwEnz0s4VBMLmGxhWqegP1g','03192020_0:25a2d826e0e5c0294e81e55bd695dd579bb15df63e20ddb26321543a2314a21b3edcdc8628177a33ffcaec6181a19dc7fb07c577edbfec05587b0719c2eee1e1',0),(37,'eyJhbGciOiJIUzUxMiJ9.eyJzdWIiOiJ2cmVwb3J0LXN0YWdlIiwiZXhwIjoxNTg2MjU0MDgzLCJpYXQiOjE1ODYyNTA0ODN9.IYiN8uE9xyg5SjrC_fy3HjeZGTb_sX0bsdzxj5KbftTn9y0xdCQ61p5TEKb99ehhBpsAM9IBDCqCa0cJzeSsFA','03192020_2:b9e27cd0ed83376e21a9d425b2507f13c422aec46abc6f79af568e7ff2ed661f7e95c77b776a9bc93f8b98e6a05fa167c9d434adf43cd220f4f0462ec52da95b',0),(40,'eyJhbGciOiJIUzUxMiJ9.eyJzdWIiOiJ2cmVwb3J0LXN0YWdlIiwiZXhwIjoxNTg2MjU2NzM1LCJpYXQiOjE1ODYyNTMxMzV9.nwja30gr2QxKYMKKRqo6b-vHAcjPCFbdVsrd4lwuzyuinY-7mkYrDhpZgQHjq7lr7Wy6gysR5l0ns1ieuxKfUw','03192020_1:4b0d3d8a286381971003d1fef44dc6011782ef16087ff49e7a05b9d96bf71842b934302ba6e3cefc3ea4b7d9c87b4c8956537572ceda5f54eafe7c2f6f9ed801',0),(41,'eyJhbGciOiJIUzUxMiJ9.eyJzdWIiOiJ2cmVwb3J0LXN0YWdlIiwiZXhwIjoxNTg2MjU2NzM1LCJpYXQiOjE1ODYyNTMxMzV9.nwja30gr2QxKYMKKRqo6b-vHAcjPCFbdVsrd4lwuzyuinY-7mkYrDhpZgQHjq7lr7Wy6gysR5l0ns1ieuxKfUw','03192020_0:46878ad47e78603d771a476ec582742bd1a94d53249547d9f5763c962fe8b8fd81e6e163f56b8aa1d7ff6e6bf26a8e64c31a6aa3b9e6da8dbce282c87c0370b6',0),(66,'eyJhbGciOiJIUzUxMiJ9.eyJzdWIiOiJ2cmVwb3J0LXN0YWdlIiwiZXhwIjoxNTg1MjM1MjI3LCJpYXQiOjE1ODUyMzE2Mjd9.bov7cJXXWWCy05jTlxkgTJzNdpC_tAahNH_W-gudegEZcnmxK4aYgUomdiOjZd4CTCSofJN_hqINITrtFA-EFQ','',1),(67,'eyJhbGciOiJIUzUxMiJ9.eyJzdWIiOiJ2cmVwb3J0LXN0YWdlIiwiZXhwIjoxNTg1MjM1MjI3LCJpYXQiOjE1ODUyMzE2Mjd9.bov7cJXXWWCy05jTlxkgTJzNdpC_tAahNH_W-gudegEZcnmxK4aYgUomdiOjZd4CTCSofJN_hqINITrtFA-EFQ','03192020_1:958040e85224f658c9340ea2eae1d966a6dd36b171b9fd98f05f042701c96b13f1ee1b4654439e84ecb05130e41fb82507725896b41c22c1b9fdc07c6a42892c',2),(68,'eyJhbGciOiJIUzUxMiJ9.eyJzdWIiOiJ2cmVwb3J0LXN0YWdlIiwiZXhwIjoxNTg1MjM1MjI3LCJpYXQiOjE1ODUyMzE2Mjd9.bov7cJXXWWCy05jTlxkgTJzNdpC_tAahNH_W-gudegEZcnmxK4aYgUomdiOjZd4CTCSofJN_hqINITrtFA-EFQ','03192020_0:b615874dd4e9af98c5184a93440c4081f0af27e02b2b792d699fc651c8c666aa06e71fb1e62e000ef008640cafd08c47fd0cc9f6f49f958517bebd0ed615be68',3),(69,'eyJhbGciOiJIUzUxMiJ9.eyJzdWIiOiJ2cmVwb3J0LXN0YWdlIiwiZXhwIjoxNTg1MjM1MjI3LCJpYXQiOjE1ODUyMzE2Mjd9.bov7cJXXWWCy05jTlxkgTJzNdpC_tAahNH_W-gudegEZcnmxK4aYgUomdiOjZd4CTCSofJN_hqINITrtFA-EFQ','03192020_2:2fbf7f96e2244f5f8209592c46907acd1c3002f94748bb90098f6c45bac306508b7adc48d1672911c89b19ebf1e29c0f87975906378e5d6c5997fc7c1303770c',4),(70,'eyJhbGciOiJIUzUxMiJ9.eyJzdWIiOiJ2cmVwb3J0LXN0YWdlIiwiZXhwIjoxNTg1MjM1MjI3LCJpYXQiOjE1ODUyMzE2Mjd9.bov7cJXXWWCy05jTlxkgTJzNdpC_tAahNH_W-gudegEZcnmxK4aYgUomdiOjZd4CTCSofJN_hqINITrtFA-EFQ','03192020_0:f33a64cea8a088f0834169c5579c0d8ba0eced37c4bd11d32e16084bc6b8590465b1bf7e7d51b93376cba21c66d0d4d4c80306777307c018114a586d264fa2d0',5),(74,'eyJhbGciOiJIUzUxMiJ9.eyJzdWIiOiJ2cmVwb3J0LXN0YWdlIiwiZXhwIjoxNTg1MjQzNjU3LCJpYXQiOjE1ODUyNDAwNTd9.LsHJT8_Xf-LcXzE8Vtbw8BXtqVIseLpG-u_zezhucOb-VTGkXuJbBsYPWNp4s065H1Iaa9PWnA_GznRxERkumg','03192020_1:7ee1fe73d7807411d6b9ba75a37891dde790a522be9595bc364e16390237d465bff7a007fd829f3a93b4481c48673a5fceff6991ed78aa2582e67acf995d1abe',6),(107,'eyJhbGciOiJIUzUxMiJ9.eyJzdWIiOiJ2cmVwb3J0LXN0YWdlIiwiZXhwIjoxNTg3Mjg1MjIzLCJpYXQiOjE1ODcyODE2MjN9.2ag34anTM3ZVNfrDG93DY5Z06zq1fkBClFnsArDvW7cXaywX5ToubMuqnGku9bup3ohsB22_ie9u5X9myVbsgA','03192020_0:6ee8c1e9072ba2f02b92627a6c0d7f3bc8faef15aefb7f22645b43173fc6b69bd6f7285cdbfe5f8c088f0d31ccd2c0b70684fcdbd6e8fbf6d054192e7f999622',0),(109,'eyJhbGciOiJIUzUxMiJ9.eyJzdWIiOiJ2cmVwb3J0LXN0YWdlIiwiZXhwIjoxNTg3NzM0ODU0LCJpYXQiOjE1ODc3MzEyNTR9.VcOrj2-OYb5NcvbLzgR3JONr6OGIrZpJyYaNiUMsxM5Ayo6OPYto3WSV8eKsHkjRm2gSGN7kQU9nR4AT5yoeKQ','03192020_0:4ae73c2f335e179c80d672973db2ccdc6bfef33a2058acaa4cd964993dde83165b14577fbe2ba6793dd985b305ace0bac077ae99e7e87741d604825bab465a1a',0),(111,'eyJhbGciOiJIUzUxMiJ9.eyJzdWIiOiJ2cmVwb3J0LXN0YWdlIiwiZXhwIjoxNTg3NzQzODA5LCJpYXQiOjE1ODc3NDAyMDl9.miwZdC_6srr2rM3ZgGRLUonUd269sicoYe0YNsA1DgoKRlMM3Fr8PYyenewKrRkm9Z0U1ccvI1uPTDaiH6Zyvw','03192020_2:610c941d1767010ad58a69f25699bcb980ddbab4527da04062fafe971181fd72aa0ff5186af9702c9819ca52ee1cd3b7342d8d06208986199a7b65ff38ecd3e9',0);
/*!40000 ALTER TABLE `user_session_token` ENABLE KEYS */;
UNLOCK TABLES;

--
-- Table structure for table `yodlee_jwt_token_info`
--

DROP TABLE IF EXISTS `yodlee_jwt_token_info`;
/*!40101 SET @saved_cs_client     = @@character_set_client */;
/*!50503 SET character_set_client = utf8mb4 */;
CREATE TABLE `yodlee_jwt_token_info` (
  `yid` int NOT NULL,
  `expiry` bigint DEFAULT NULL,
  `uid` int DEFAULT NULL,
  `yodleejwttoken` varchar(5055) DEFAULT NULL,
  PRIMARY KEY (`yid`)
) ENGINE=InnoDB DEFAULT CHARSET=utf8mb4 COLLATE=utf8mb4_0900_ai_ci;
/*!40101 SET character_set_client = @saved_cs_client */;

--
-- Dumping data for table `yodlee_jwt_token_info`
--

LOCK TABLES `yodlee_jwt_token_info` WRITE;
/*!40000 ALTER TABLE `yodlee_jwt_token_info` DISABLE KEYS */;
INSERT INTO `yodlee_jwt_token_info` VALUES (34,1584529672,2,'eyJhbGciOiJSUzUxMiIsInR5cCI6IkpXVCJ9.eyJleHAiOjE1ODQ1Mjk2NzMsImlhdCI6MTU4NDUyNzg3MywiaXNzIjoiMDA5OGJlZjAtODk4YjYwMDAtYTgxNi00YTI0LWE5NGUtYTk4OTczMWViM2Q3Iiwic3ViIjoic2JNZW1LQ0tscWhoa09vUGVvNCJ9.oO45J_Sbn_aT9xE3y0zUzz5ihyFqRoEQq8Xn-6diveVV2ZleN7m8hjTjFzGbIUuFeC68zRaivcyAjgHdo3NtzGRu24Xo2bqxLB3KkysdlWXmv4qgwQgTmLlPISL5_am-wmI_ZhPzMgNtSWsQgVs9QKSjcOwbkO2KHyDqjXVbo4kJcwd1LfS1z_FNGpjptG0WfxX95JQnmy-Od3o9C8VQyW1V2NSR0OkJ-6Mxa3LHDSp9FPJeW82oc4mpZOnPv59D288oymb8ZTt3ObQ_1GhM2QOe_E50O81AMMHZuDYHOEwHLJBZL0abu65rEOW7P9pf37wDmTAVW6e9CgdU5G7riQ'),(53,1585200446,1,'eyJhbGciOiJSUzUxMiIsInR5cCI6IkpXVCJ9.eyJleHAiOjE1ODUyMDA0NDgsImlhdCI6MTU4NTE5ODY0OCwiaXNzIjoiMDA5OGJlZjAtODk4YjYwMDAtYTgxNi00YTI0LWE5NGUtYTk4OTczMWViM2Q3Iiwic3ViIjoic2JNZW1LQ0tscWhoa09vUGVvNCJ9.f7_KoB8bzvfQLcFmixY0rwU4JPfWoKczWcnrgdAF_71hTmEYbGoKewkKjCIjV8U-EE7C0BXSIcrcvLuFdertI6uvenuRTJk83IWNg-4K783a1FCLFPp5nKihc7vGRC_biOMdCZpzAkaJDE_y-wih37OYR9t4Lntkqiq7f5OWeBfLpx0L1LUgSKqvzzOdrtKgWRQBPv4L1ejPgv72jiA1t5LgfE_IubbSS2AKjzGRD3NILslDdJrKLP1byrpeWgdL03nCet7YTxebWwGKgMyQbboNwYbm4WQ8FdacBplUTU0SighiukSwLna9b4YV1tpufsa1cI6iG26ttbvAn5Rhvg');
/*!40000 ALTER TABLE `yodlee_jwt_token_info` ENABLE KEYS */;
UNLOCK TABLES;
/*!40103 SET TIME_ZONE=@OLD_TIME_ZONE */;

/*!40101 SET SQL_MODE=@OLD_SQL_MODE */;
/*!40014 SET FOREIGN_KEY_CHECKS=@OLD_FOREIGN_KEY_CHECKS */;
/*!40014 SET UNIQUE_CHECKS=@OLD_UNIQUE_CHECKS */;
/*!40101 SET CHARACTER_SET_CLIENT=@OLD_CHARACTER_SET_CLIENT */;
/*!40101 SET CHARACTER_SET_RESULTS=@OLD_CHARACTER_SET_RESULTS */;
/*!40101 SET COLLATION_CONNECTION=@OLD_COLLATION_CONNECTION */;
/*!40111 SET SQL_NOTES=@OLD_SQL_NOTES */;

-- Dump completed on 2020-05-23 16:40:15
